irradiancia_w_m2,temperatura_c
0.0,26.4
0.0,26.9
0.0,26.7
0.0,26.6
0.0,25.9
0.0,25.6
23.13889,26.1
208.44444,29.2
435.1111,30.9
647.5278,34.1
924.80554,35.7
994.8611,36.3
1024.1945,36.9
859.3333,34.9
981.3889,34.9
363.97223,31.5
473.55554,32.7
310.8611,32.8
60.333332,31.8
3.7222223,30.0
0.0,29.9
0.0,28.9
0.0,29.8
0.0,28.1
0.0,28.4
0.0,26.9
0.0,27.1
0.0,28.5
0.0,27.0
0.0,26.8
12.166667,26.9
93.25,27.6
321.16666,29.9
451.1389,31.7
708.4722,33.8
641.3333,34.3
514.5833,34.5
903.2778,36.4
955.8611,37.1
499.75,34.4
290.5,33.3
169.72223,32.3
54.916668,30.6
3.1388888,28.5
0.0,25.9
0.0,25.3
0.0,25.0
0.0,25.0
0.0,24.8
0.0,24.8
0.0,24.7
0.0,24.6
0.0,24.7
0.0,24.8
9.111111,24.8
102.22222,26.0
214.11111,27.2
462.66666,29.3
844.80554,31.4
629.6667,32.0
1066.6666,32.9
776.19446,33.0
768.8611,32.4
420.3889,30.4
98.638885,29.3
238.88889,29.7
108.138885,29.2
13.166667,27.3
0.0,27.5
0.0,26.9
0.0,26.3
0.0,26.3
0.0,26.8
0.0,26.9
0.0,26.8
0.0,26.5
0.0,26.4
0.0,26.4
14.166667,25.7
66.02778,27.0
291.55554,28.4
578.0278,28.3
756.1389,28.8
674.0278,29.0
910.0833,28.1
604.7778,26.7
748.9722,28.1
626.3889,27.3
225.27777,25.9
51.444443,25.1
17.027779,24.3
0.19444445,22.7
0.0,22.1
0.0,22.2
0.0,21.8
0.0,22.1
0.0,21.4
0.0,21.0
0.0,20.8
0.0,21.3
0.0,21.0
0.027777778,20.8
5.8333335,20.6
34.72222,21.1
86.916664,21.8
138.52777,22.9
496.30554,25.6
540.69446,24.0
198.44444,24.5
201.27777,25.5
384.3611,25.6
228.66667,25.1
64.77778,24.4
62.75,24.2
31.61111,24.4
5.0555553,24.3
0.0,24.2
0.0,24.0
0.0,24.0
0.0,23.9
0.0,23.5
0.0,23.4
0.0,22.9
0.0,21.2
0.0,21.4
0.0,21.6
16.555555,22.5
93.19444,24.0
274.72223,24.8
317.75,25.2
438.94446,25.5
595.9167,26.9
659.05554,27.1
527.30554,27.2
311.58334,26.6
457.47223,26.9
471.69446,27.6
178.22223,26.6
65.55556,25.9
18.333334,25.5
0.0,25.1
0.0,24.6
0.0,23.9
0.0,23.6
0.0,21.8
0.0,21.7
0.0,21.9
0.0,21.2
0.0,21.4
0.0,21.9
10.388889,22.7
73.166664,24.1
252.16667,25.4
336.02777,26.7
344.33334,27.0
346.72223,27.3
230.19444,27.2
234.63889,26.9
204.16667,25.3
161.02777,25.5
183.33333,25.7
100.583336,25.0
82.888885,25.1
12.777778,24.7
0.0,23.4
0.0,23.1
0.0,23.4
0.0,23.9
0.0,23.1
0.0,23.1
0.0,22.8
0.0,22.4
0.0,22.3
0.0,22.4
10.444445,22.7
101.44444,25.0
398.02777,28.4
618.2222,30.0
678.55554,32.1
481.5,32.4
507.33334,33.3
596.5,34.4
644.2222,34.8
627.7778,34.8
324.3611,33.2
266.91666,32.0
82.97222,30.8
9.833333,28.7
0.0,25.8
0.0,24.8
0.0,24.4
0.0,24.0
0.0,23.4
0.0,23.5
0.0,22.9
0.0,22.6
0.0,22.0
0.0,22.1
16.694445,24.1
179.97223,27.5
441.8611,30.0
654.3889,32.6
869.4167,33.8
1001.2778,35.4
963.5,36.6
1057.6666,36.9
998.25,36.7
857.9167,36.9
656.6389,35.3
399.25,34.5
163.13889,33.3
19.444445,30.3
0.0,28.3
0.0,27.3
0.0,26.9
0.0,26.3
0.0,26.4
0.0,26.3
0.0,25.4
0.0,24.0
0.0,23.6
0.0,24.6
18.666666,25.1
186.02777,27.3
445.33334,29.7
676.3333,31.7
866.75,33.1
1021.3333,34.5
1101.5834,35.0
1088.9722,36.2
1025.1389,36.9
883.5278,37.0
688.3333,37.4
440.97223,36.4
194.19444,35.3
19.166666,33.8
0.0,31.4
0.0,29.7
0.0,26.7
0.0,24.6
0.0,23.1
0.0,22.7
0.0,22.6
0.0,21.8
0.0,21.7
0.0,21.3
15.055555,22.7
186.44444,27.6
460.3889,30.8
697.8889,32.7
890.9167,34.8
1016.80554,36.5
1096.5555,36.9
1109.0278,38.4
1038.1111,39.0
896.55554,38.6
695.1667,38.5
438.66666,37.7
199.75,35.3
22.36111,33.0
0.0,30.5
0.0,30.6
0.0,28.4
0.0,25.9
0.0,24.9
0.0,24.1
0.0,23.8
0.0,23.1
0.0,22.8
0.0,22.4
14.361111,23.6
182.72223,29.4
446.25,32.6
685.30554,35.0
883.9167,36.5
1020.8611,37.5
1052.6945,38.6
600.7778,39.5
1026.25,40.1
865.1111,39.6
669.8889,38.3
429.30554,36.6
190.44444,35.0
20.694445,33.3
0.0,28.5
0.0,27.4
0.0,26.7
0.0,26.3
0.0,27.0
0.0,26.5
0.0,25.8
0.0,25.4
0.0,24.1
0.0,23.6
14.444445,24.8
169.08333,30.3
427.22223,32.7
656.94446,34.5
791.5,34.8
864.8611,33.6
1102.5555,33.5
886.6389,32.7
1023.1111,33.5
494.27777,31.4
427.97223,31.1
179.58333,31.1
116.083336,29.7
16.444445,28.7
0.0,26.7
0.0,26.4
0.0,26.9
0.0,26.8
0.0,27.5
0.0,27.0
0.0,25.2
0.0,25.2
0.0,24.0
0.0,23.4
13.638889,24.5
168.22223,27.2
436.27777,29.5
646.55554,31.3
862.2778,33.1
957.7222,34.3
966.4722,35.1
1056.0,36.0
1048.1945,36.8
167.91667,27.1
194.91667,25.7
26.61111,25.5
14.944445,25.3
6.111111,25.5
0.0,25.6
0.0,25.7
0.055555556,26.0
0.0,25.3
0.0,25.6
0.0,25.4
0.0,26.0
0.0,24.3
0.0,23.0
0.0,22.8
14.027778,23.7
154.47223,26.5
447.05554,29.1
648.69446,30.5
875.4167,31.8
989.5833,32.9
1103.9722,35.4
997.75,35.2
774.4722,35.3
554.8889,35.6
417.47223,34.3
74.30556,31.2
7.5555553,23.1
0.25,23.7
0.083333336,24.4
0.027777778,24.1
0.0,23.8
0.0,23.5
0.0,23.3
0.0,22.9
0.0,22.7
0.0,23.1
0.0,22.8
0.0,22.6
21.305555,23.4
160.16667,25.7
403.16666,27.3
583.7222,29.2
829.3611,31.6
982.9167,34.0
832.94446,34.1
711.1111,33.4
452.77777,33.8
776.8889,35.1
369.80554,32.6
104.583336,32.2
135.83333,32.2
18.083334,29.8
0.0,27.7
0.0,28.3
0.0,26.9
0.0,26.9
0.0,26.0
0.0,25.1
0.0,25.4
0.0,25.5
0.0,25.4
0.0,24.8
19.5,24.8
110.361115,27.4
372.58334,28.8
494.22223,31.2
605.0,31.6
826.3611,34.1
1006.25,35.2
657.30554,34.6
747.8333,35.8
479.02777,33.8
284.69446,33.3
261.05554,30.8
77.52778,28.8
9.583333,28.0
0.0,27.8
0.0,27.5
0.0,27.0
0.0,27.2
0.0,27.3
0.0,26.9
0.0,26.2
0.0,24.2
0.0,23.8
0.0,23.6
12.527778,23.9
103.916664,26.5
288.80554,28.5
364.97223,30.2
349.52777,30.6
347.91666,30.4
381.22223,30.4
916.7222,31.6
917.8333,32.6
772.3333,32.1
585.3333,32.7
446.22223,32.2
207.5,31.2
27.444445,30.3
0.0,29.5
0.0,25.5
0.0,24.4
0.0,23.9
0.0,23.4
0.0,24.7
0.0,24.5
0.0,23.9
0.0,27.2
0.0,27.7
16.277779,28.8
111.916664,29.8
228.88889,30.1
308.02777,30.8
359.1111,31.4
297.91666,30.9
471.08334,32.4
854.6111,33.1
512.55554,33.4
196.27777,29.5
187.86111,28.7
118.388885,28.5
14.527778,26.4
0.0,26.5
0.0,24.8
0.4722222,21.6
0.0,22.0
0.0,22.2
0.083333336,22.1
0.0,22.4
0.0,22.9
1.0833334,22.1
0.0,22.1
0.0,22.1
1.4722222,21.6
26.13889,22.2
52.166668,23.1
107.75,22.9
130.86111,23.3
126.25,22.3
155.16667,23.3
168.66667,23.0
152.22223,23.8
185.36111,23.8
79.75,22.6
47.666668,22.1
34.13889,22.9
3.4722223,22.1
0.027777778,21.7
0.0,21.6
0.0,21.4
0.0,21.5
0.0,21.2
0.0,21.3
0.0,21.1
0.0,20.9
0.0,21.0
0.0,20.8
4.5277777,21.0
38.416668,21.0
106.666664,21.4
257.41666,22.5
303.69446,23.8
250.38889,23.0
140.63889,22.8
426.58334,24.6
91.94444,21.2
192.38889,21.4
165.36111,21.9
43.97222,21.1
61.555557,21.1
17.916666,21.0
0.027777778,20.7
0.0,20.6
0.0,20.0
0.0,20.3
0.0,20.2
0.0,20.5
0.0,20.3
0.0,20.4
0.0,20.5
0.0,20.4
7.9444447,20.6
30.194445,21.0
66.69444,21.6
74.80556,21.7
135.91667,22.3
49.5,22.1
108.80556,21.3
200.55556,21.4
195.69444,22.2
163.75,22.4
166.83333,22.9
105.05556,23.4
81.77778,23.3
4.6944447,22.8
0.0,22.4
0.0,22.4
0.0,22.2
0.0,21.7
0.0,21.0
0.0,20.9
0.0,20.9
0.0,20.9
0.0,21.0
0.0,21.1
2.3055556,21.3
13.5,20.8
70.30556,20.8
51.36111,20.9
143.5,21.5
260.19446,21.7
240.66667,22.4
102.416664,21.4
77.166664,21.3
87.5,21.3
75.416664,21.5
70.138885,21.7
26.972221,21.6
4.2777777,21.6
0.0,21.7
0.0,21.7
0.0,21.6
0.0,21.7
0.0,21.6
0.0,21.5
0.0,21.5
0.027777778,21.7
0.083333336,21.5
0.0,21.5
3.7222223,21.7
36.666668,22.2
189.83333,23.7
310.05554,24.7
543.6111,27.0
674.1389,26.9
576.7778,27.3
486.0,26.6
395.47223,26.9
71.44444,25.5
14.222222,24.7
24.833334,24.0
34.805557,24.1
11.055555,23.7
0.16666667,24.2
0.2777778,24.2
0.0,23.1
0.0,23.0
0.0,23.1
0.0,21.5
0.0,21.2
0.0,21.3
0.0,21.2
0.0,21.0
10.083333,20.9
150.38889,23.4
421.41666,24.3
632.8611,25.7
814.5278,27.4
831.3889,29.2
832.4722,29.7
684.3611,29.7
346.94446,27.4
229.27777,26.5
202.30556,26.2
172.97223,26.0
46.13889,24.4
2.1666667,23.3
0.0,23.1
0.0,23.2
0.0,23.3
0.0,22.9
0.0,22.8
0.0,22.9
0.0,23.0
0.0,22.8
0.0,22.5
0.0,22.2
12.361111,22.3
97.27778,23.5
315.69446,24.9
579.6389,27.2
847.05554,29.2
925.4167,30.0
958.6389,31.4
856.1389,31.0
340.72223,29.3
143.05556,27.8
70.69444,25.1
55.11111,25.5
26.86111,25.7
1.5,25.5
0.0,25.2
0.0,24.6
0.0,24.5
0.0,24.2
0.0,23.9
0.0,23.9
0.0,24.1
0.027777778,24.3
0.0,24.3
0.0,24.2
12.416667,24.0
93.72222,25.0
232.88889,25.3
393.30554,27.5
780.8333,28.1
939.3611,30.5
910.7778,30.9
703.7222,31.7
424.6111,30.3
834.2222,30.7
125.5,28.5
19.63889,25.8
37.805557,25.7
17.36111,24.3
0.0,22.9
0.0,22.0
0.0,21.9
0.0,22.0
0.0,21.9
0.0,21.8
0.0,21.5
0.0,21.3
0.0,21.3
0.0,21.4
10.277778,21.4
91.47222,23.7
374.16666,26.2
628.4722,28.0
820.5,31.1
966.8889,31.4
1042.2222,32.6
1007.6111,33.5
840.8333,33.7
764.80554,34.0
150.94444,32.5
92.69444,28.5
167.33333,27.2
15.333333,26.0
0.0,25.0
0.0,26.6
0.0,26.9
0.0,26.9
0.0,25.6
0.0,25.3
0.0,25.2
0.0,23.5
0.0,23.3
0.0,23.6
10.25,24.2
122.138885,26.6
403.52777,28.5
615.4722,30.5
838.1667,32.2
1023.2778,33.0
1055.0555,34.1
1063.8611,34.4
863.7222,33.5
825.19446,32.4
600.5278,31.3
117.22222,26.3
34.11111,25.9
8.444445,24.6
0.0,24.4
0.0,24.0
0.0,23.7
0.0,24.5
0.0,24.8
0.0,24.4
0.0,24.1
0.0,24.1
0.0,23.4
0.0,22.0
10.833333,22.8
51.61111,23.7
108.388885,25.5
224.11111,26.2
234.52777,28.0
428.25,29.0
436.97223,29.7
520.2778,30.5
625.6389,30.7
739.8889,31.7
213.44444,30.2
18.972221,24.6
39.166668,24.3
6.138889,24.5
0.0,24.1
0.0,23.7
0.0,23.5
0.0,23.6
0.0,23.5
0.0,23.2
0.0,23.1
0.0,22.9
0.0,22.6
0.0,22.4
5.9166665,22.5
119.94444,26.3
206.83333,27.1
630.1389,28.9
842.2778,31.1
985.7222,31.8
1065.8334,32.3
1050.3055,32.8
924.25,31.0
742.9722,30.0
615.2222,28.5
172.58333,28.3
31.694445,27.7
12.75,26.2
0.0,24.5
0.0,24.9
0.0,23.6
0.0,23.8
0.0,23.7
0.0,23.2
0.0,22.9
0.0,22.5
0.0,22.5
0.0,22.4
8.0,22.4
115.52778,25.9
396.1111,28.1
640.0278,32.2
847.8889,33.3
988.75,34.4
1065.2222,34.9
1043.0555,36.1
1031.2778,36.5
656.6111,36.3
169.44444,34.7
149.36111,32.4
70.611115,32.6
3.75,29.4
0.0,27.9
1.5277778,23.0
0.0,22.9
0.0,23.2
0.027777778,22.9
0.0,22.4
0.0,22.3
0.0,22.3
0.0,23.1
0.0,23.7
7.5555553,24.4
100.611115,26.7
377.33334,29.4
485.8611,29.9
507.27777,30.6
344.05554,30.8
347.02777,31.0
265.3611,31.3
260.19446,30.2
185.13889,29.1
232.30556,29.6
182.05556,29.4
63.47222,27.9
6.9444447,27.7
0.0,25.9
0.0,26.0
0.0,25.4
0.0,24.9
0.0,25.1
0.0,25.2
0.0,25.2
0.0,25.3
0.0,25.1
0.0,25.2
2.4722223,25.2
73.111115,26.3
355.05554,28.4
612.5278,30.4
817.19446,31.9
909.55554,32.5
876.05554,33.1
722.0833,33.5
613.55554,32.8
41.52778,24.9
22.944445,23.6
139.0,25.2
117.666664,25.6
11.305555,25.0
0.0,25.0
0.0,25.0
0.0,24.7
0.0,24.7
0.0,25.8
0.0,24.9
0.0,24.4
0.0,24.1
0.0,23.9
0.0,23.8
7.3333335,24.2
54.194443,25.7
183.11111,28.1
553.80554,31.5
916.75,32.5
845.80554,33.7
1011.6111,33.3
405.22223,30.6
104.583336,28.6
177.11111,29.3
217.19444,29.4
357.66666,30.1
94.97222,29.0
5.1944447,28.1
0.0,25.6
0.0,25.7
0.0,24.6
0.083333336,23.6
0.027777778,22.3
0.0,22.5
0.0,22.8
0.0,22.8
0.0,22.6
0.0,22.6
5.0,23.3
51.25,24.0
218.61111,26.9
506.19446,27.9
802.3889,29.8
552.3889,30.0
756.3611,31.1
480.58334,29.5
283.30554,29.0
159.16667,27.7
31.333334,26.7
79.19444,26.8
12.527778,25.1
0.9166667,24.8
0.0,24.9
0.0,24.7
0.0,24.8
0.0,24.7
0.0,24.4
0.0,24.2
0.0,24.0
0.0,24.2
0.0,24.2
0.0,24.2
6.9444447,24.2
138.75,25.6
371.91666,26.9
693.6111,28.1
580.0833,28.3
911.5,30.4
754.1389,30.2
755.9722,30.6
846.69446,30.0
737.8333,29.4
356.97223,28.6
153.08333,27.9
39.805557,27.5
1.4166666,27.3
0.0,26.7
0.0,25.3
0.0,24.1
0.0,24.1
0.0,23.8
0.0,24.2
0.0,24.0
0.0,24.2
0.0,23.9
0.0,23.7
10.333333,24.0
36.055557,24.7
148.55556,26.1
451.25,28.0
386.22223,28.3
662.2778,29.9
649.69446,31.0
542.55554,30.4
758.55554,31.5
870.5,31.7
67.861115,22.7
2.5555556,23.6
1.8333334,23.2
0.055555556,23.6
0.0,23.7
0.0,23.5
0.0,23.6
0.0,23.5
0.0,23.7
0.0,23.8
0.0,24.1
0.0,25.2
0.0,24.9
0.0,23.3
3.9722223,23.3
65.0,24.3
236.27777,26.8
309.3889,27.0
616.4722,28.7
599.7222,28.8
736.4722,30.3
589.44446,30.9
288.97223,28.8
109.611115,26.0
31.166666,25.8
19.88889,25.2
24.166666,25.8
0.16666667,24.2
0.0,24.4
0.0,23.6
0.0,23.4
0.0,22.4
0.0,22.3
0.0,22.3
0.0,22.1
0.0,22.1
0.0,22.2
0.0,22.3
2.3888888,22.2
54.88889,22.9
153.52777,24.1
243.41667,25.1
258.8889,25.1
285.6111,25.3
281.3611,25.2
185.36111,25.0
511.47223,26.5
287.41666,26.2
84.47222,24.8
30.972221,24.3
4.4444447,22.5
0.2777778,22.8
0.0,22.7
0.0,22.7
0.0,22.9
0.0,23.0
0.0,22.9
0.0,23.1
0.0,23.1
0.0,23.1
0.0,23.4
0.0,23.2
1.8888888,23.2
81.22222,24.1
145.75,25.3
254.11111,26.0
364.91666,26.8
694.8333,28.2
617.05554,29.1
463.44446,29.7
449.8889,29.2
333.80554,29.3
171.19444,27.6
91.333336,26.3
31.88889,26.7
7.1944447,25.6
0.0,25.2
0.0,24.0
0.0,24.0
0.0,24.2
0.0,24.3
0.0,23.9
0.0,24.0
0.0,24.1
0.0,24.1
0.0,24.1
3.3333333,24.2
50.916668,25.2
164.5,27.6
229.25,28.8
406.1111,30.6
954.3889,32.4
608.0278,32.2
302.8611,31.7
257.8889,32.2
380.80554,32.8
273.72223,31.5
195.25,31.2
72.583336,30.3
12.0,27.8
0.75,23.4
0.0,23.4
0.027777778,23.9
0.0,23.4
0.0,23.2
0.0,23.5
0.0,23.3
0.0,23.3
0.0,23.3
0.0,23.3
5.5277777,23.8
84.05556,24.9
280.83334,27.3
475.55554,30.2
619.1667,31.5
865.6389,33.3
698.5,31.9
430.72223,33.5
646.25,34.6
847.9167,35.6
597.0278,34.9
401.8889,34.2
138.36111,32.5
3.6666667,28.1
0.0,26.8
0.0,26.1
0.0,25.3
0.0,24.5
0.0,24.1
0.0,23.6
0.0,23.3
0.0,23.1
0.0,22.6
0.0,22.4
4.6944447,22.4
97.72222,26.0
377.72223,28.2
623.0278,30.8
826.44446,32.5
975.6389,33.8
1034.8611,34.7
1052.75,34.9
941.6389,35.7
769.5,35.7
473.16666,34.3
384.1111,35.0
177.86111,32.4
10.0,28.7
0.0,30.6
0.0,26.9
0.0,26.0
0.0,25.1
0.0,24.8
0.0,24.2
0.0,24.1
0.0,23.7
0.0,23.5
0.0,23.1
6.75,23.6
112.333336,27.2
360.80554,29.1
598.44446,30.5
780.2778,31.4
762.4167,32.7
1032.8334,32.4
1067.9722,32.6
939.0,33.0
695.44446,32.8
664.0833,32.9
411.30554,30.9
176.75,29.0
12.777778,27.7
0.0,26.1
0.0,26.1
0.0,25.8
0.0,25.7
0.0,25.7
0.0,25.9
0.0,25.0
0.0,24.5
0.0,23.7
0.0,23.3
4.9444447,23.3
88.361115,26.2
358.55554,27.9
483.52777,29.1
822.6667,30.0
875.44446,31.2
927.9722,32.1
1026.6389,32.8
969.30554,32.2
828.7778,31.8
617.4722,31.0
378.08334,30.7
135.0,29.2
9.166667,28.5
0.0,28.1
0.0,27.9
0.0,27.4
0.0,25.1
0.0,24.7
0.0,25.5
0.0,25.3
0.0,25.8
0.0,25.5
0.0,24.8
3.6944444,24.4
96.69444,27.0
360.91666,29.0
609.25,30.7
811.4722,31.4
960.0833,33.1
1043.2778,33.9
1039.5278,34.4
971.0,34.6
844.7778,34.8
624.8611,33.8
383.8611,32.7
146.13889,31.4
7.361111,29.5
0.0,26.5
0.0,28.6
0.0,26.1
0.0,25.4
0.0,25.1
0.0,24.9
0.0,25.4
0.0,24.4
0.0,24.1
0.0,23.7
3.9444444,23.7
90.25,26.7
370.1111,29.5
601.6111,30.9
795.1111,33.0
939.6389,33.7
1032.3611,34.5
992.5833,35.4
933.55554,36.1
858.4722,37.1
630.30554,35.8
274.6389,33.7
164.11111,32.8
10.75,30.2
0.0,27.5
0.0,26.2
0.0,25.5
0.0,29.2
0.0,27.3
0.0,26.4
0.0,28.5
0.0,27.8
0.0,28.4
0.0,28.1
3.4444444,27.7
94.19444,28.8
366.22223,30.9
604.3333,32.0
799.30554,33.1
944.3611,34.1
1029.5,34.9
1066.6389,35.0
905.2222,33.4
729.2778,32.4
685.7222,32.2
95.27778,28.5
28.305555,26.0
1.0833334,24.3
0.0,24.7
0.0,23.7
0.0,24.0
0.0,24.1
0.0,23.4
0.0,22.8
0.0,22.3
0.0,22.4
0.0,22.3
0.0,22.6
4.3333335,22.4
86.97222,25.0
314.16666,27.0
509.77777,29.0
810.3889,30.3
966.8333,31.4
977.9167,32.3
1014.7222,33.4
931.05554,32.2
403.16666,31.2
399.27777,30.5
123.52778,29.9
116.75,29.4
15.416667,28.7
0.0,28.0
0.0,24.7
0.0,24.1
0.0,24.3
0.0,24.4
0.0,24.0
0.0,24.8
0.0,24.8
0.0,24.4
0.0,24.0
2.9722223,24.1
92.583336,25.1
309.52777,27.7
586.9722,29.2
739.1667,30.2
905.1389,31.5
855.6389,31.8
799.1111,31.6
911.8333,31.5
610.8889,29.6
254.30556,29.0
187.02777,28.6
51.72222,28.5
1.1944444,25.8
0.0,25.8
0.0,25.5
0.0,25.9
0.0,25.4
0.0,25.1
0.0,24.9
0.0,25.3
0.0,25.5
0.0,24.8
0.0,25.0
1.3888888,24.8
68.583336,26.2
124.111115,27.2
268.02777,28.3
719.94446,30.6
948.80554,31.6
976.30554,32.5
753.1389,31.1
245.63889,27.2
502.69446,28.5
370.33334,28.8
68.416664,27.9
11.361111,20.8
0.3888889,21.3
0.0,21.8
0.0,21.9
0.0,22.3
0.0,23.1
0.0,22.9
0.0,23.0
0.0,22.8
0.0,23.1
0.0,23.2
0.0,23.0
3.3888888,23.4
73.111115,24.3
352.30554,26.2
500.0,27.8
413.58334,28.9
1002.19446,31.0
860.80554,31.0
693.0,30.3
480.5,29.4
245.08333,29.1
399.69446,29.8
304.1111,28.3
44.27778,27.9
0.8333333,27.0
0.0,27.1
0.0,26.1
0.0,24.9
0.0,24.9
0.0,25.1
0.0,24.9
0.0,24.8
0.0,24.8
0.0,24.9
0.0,24.3
1.3888888,24.8
72.361115,25.7
204.66667,27.0
545.2778,28.7
706.4167,29.6
515.5278,30.8
588.5833,30.6
199.58333,26.7
46.805557,24.0
59.166668,24.5
79.861115,26.2
44.36111,26.3
34.75,25.9
1.0555556,25.4
0.16666667,24.3
0.055555556,23.7
0.0,23.9
0.0,24.1
0.0,24.1
0.0,24.4
0.0,24.3
0.0,24.1
0.0,24.2
0.0,24.0
1.0555556,24.1
28.36111,24.5
93.5,25.4
287.16666,26.8
549.8889,28.5
715.3333,29.5
649.6111,30.3
404.97223,29.7
858.0833,31.3
837.8889,31.1
648.25,31.6
239.75,29.3
20.11111,27.6
1.9722222,26.2
0.0,26.5
0.0,26.7
0.0,26.0
0.0,25.7
0.0,24.5
0.0,24.3
0.0,23.9
0.0,23.6
0.0,23.4
0.0,23.2
2.0833333,23.2
87.638885,25.5
328.19446,28.0
573.5833,29.1
639.6111,30.5
753.3611,32.0
918.9722,32.2
1064.9722,33.7
682.3889,32.1
809.5833,31.8
610.5278,31.1
329.16666,30.0
47.833332,28.7
4.5833335,28.9
0.0,26.6
0.0,27.1
0.0,25.1
0.0,25.0
0.0,25.3
0.0,27.0
0.0,26.5
0.0,25.9
0.0,26.0
0.0,25.7
0.7777778,25.8
41.88889,26.3
144.25,26.7
170.5,27.3
274.1389,28.1
479.6111,28.4
384.19446,28.7
565.4167,29.3
628.69446,30.4
266.55554,28.3
146.38889,27.7
79.02778,27.4
25.11111,26.7
0.41666666,24.7
0.0,24.6
0.0,24.4
0.0,24.1
0.0,23.8
0.0,23.8
0.0,23.7
0.0,23.6
0.0,23.5
0.0,23.6
0.0,23.9
1.0,24.2
33.666668,24.7
129.0,25.4
346.19446,27.6
269.5,26.4
229.38889,26.2
690.9167,28.5
841.1389,29.3
645.8333,29.1
420.94446,27.6
267.5,27.8
129.80556,25.5
21.305555,24.1
0.6111111,23.8
0.0,23.3
0.0,22.6
0.0,22.1
0.0,22.1
0.0,22.1
0.0,22.3
0.0,22.4
0.0,22.3
0.0,22.3
0.0,22.2
0.6388889,21.4
47.666668,22.1
133.80556,22.9
203.25,23.2
284.91666,24.0
180.0,23.5
426.47223,26.1
493.16666,27.3
531.55554,27.7
412.97223,27.8
477.8889,27.9
406.3889,27.5
135.61111,25.9
4.111111,23.9
0.0,23.9
0.0,22.2
0.0,22.1
0.0,22.3
0.0,21.8
0.0,22.2
0.0,21.7
0.0,21.8
0.0,21.3
0.0,20.8
1.4166666,21.1
81.94444,22.3
321.52777,23.9
545.8889,24.5
573.3611,24.8
747.75,26.2
551.7778,23.1
258.97223,24.3
351.30554,25.0
319.5,24.6
412.8889,25.3
258.30554,25.7
154.0,25.3
3.4444444,21.2
0.0,21.1
0.0,22.3
0.0,21.2
0.0,20.6
0.0,19.7
0.0,19.3
0.0,19.1
0.0,19.0
0.0,18.9
0.0,18.7
2.5833333,18.7
98.0,20.7
245.16667,22.9
504.94446,25.0
537.4722,26.7
709.6389,26.6
140.30556,26.1
143.94444,25.9
244.83333,27.1
266.72223,26.4
235.44444,27.1
261.44446,26.9
107.638885,25.1
2.5833333,24.3
0.0,22.2
0.0,21.2
0.0,23.2
0.0,22.6
0.0,22.2
0.0,22.1
0.0,21.2
0.0,20.4
0.0,20.7
0.0,20.1
2.0833333,19.9
50.833332,21.8
159.22223,23.8
395.6389,26.6
781.4722,27.7
620.7778,27.9
875.3889,28.9
347.72223,28.7
783.5,29.0
774.0833,29.1
532.80554,28.1
201.13889,26.8
57.27778,26.2
1.0277778,25.9
0.0,25.6
0.0,24.1
0.0,25.1
0.0,24.3
0.0,22.7
0.0,22.6
0.0,22.0
0.0,21.1
0.0,20.6
0.0,20.3
1.5555556,21.3
92.27778,23.6
170.05556,25.2
163.77777,25.4
464.25,27.6
788.75,28.6
502.19446,28.7
447.1111,28.9
804.7778,30.7
808.05554,30.0
582.5,29.4
288.52777,27.9
64.69444,26.6
0.75,26.4
0.0,24.9
0.0,26.0
0.0,25.7
0.0,25.1
0.0,24.8
0.0,23.2
0.0,22.3
0.0,22.5
0.0,22.4
0.0,22.5
2.0277777,21.9
101.72222,24.6
335.02777,27.3
569.2778,28.3
772.1389,29.7
913.7222,31.0
868.7222,31.3
577.7778,30.7
826.3611,31.8
648.5278,30.4
469.69446,30.4
312.69446,29.7
62.416668,27.9
0.9722222,26.7
0.0,26.8
0.0,26.6
0.0,26.3
0.0,26.0
0.0,24.2
0.0,23.0
0.0,22.7
0.0,22.5
0.0,22.2
0.0,22.0
1.9166666,22.0
110.80556,25.4
321.6389,27.7
579.5278,29.1
767.1111,30.7
753.4722,31.0
889.2222,31.9
834.80554,31.6
838.2778,31.5
667.25,30.1
535.4167,30.3
314.08334,29.5
43.194443,28.1
0.41666666,27.8
0.0,27.4
0.0,27.3
0.0,27.0
0.0,26.3
0.0,25.3
0.0,24.6
0.0,24.1
0.0,24.2
0.0,24.3
0.0,23.7
1.75,23.6
77.888885,26.2
195.97223,27.4
548.6389,29.4
778.69446,31.1
883.0833,32.1
919.4167,33.3
836.44446,33.9
741.3333,34.3
631.80554,32.0
197.30556,30.6
41.88889,28.9
9.583333,23.1
2.0555556,24.4
0.30555555,24.4
0.0,24.0
0.0,23.9
0.0,23.8
0.0,23.9
0.0,24.0
0.0,24.2
0.0,23.9
0.0,23.5
0.0,23.1
2.3333333,23.1
92.05556,24.6
179.86111,26.8
508.55554,28.3
593.5,30.5
875.55554,31.9
903.55554,32.7
970.1389,32.7
931.0,33.1
746.75,32.4
401.52777,30.8
187.33333,29.4
65.80556,28.8
0.4722222,27.0
0.0,25.8
0.0,25.2
0.0,25.2
0.0,25.6
0.0,24.1
0.0,23.9
0.0,23.8
0.0,24.0
0.0,24.0
0.0,24.2
0.4722222,24.1
24.833334,24.8
162.08333,25.6
212.94444,26.5
321.19446,27.0
306.83334,25.3
270.30554,25.4
268.80554,25.7
346.80554,26.9
126.75,25.4
225.33333,26.9
51.166668,26.4
17.194445,26.2
0.2777778,24.6
0.0,24.0
0.0,23.9
0.0,23.4
0.0,23.5
0.0,23.5
0.0,23.2
0.0,23.2
0.0,23.2
0.0,23.0
0.0,22.9
0.25,22.9
18.527779,23.2
55.083332,24.1
172.02777,24.8
343.80554,26.0
340.27777,26.3
283.6389,27.2
274.27777,25.6
150.91667,24.9
185.36111,25.2
103.888885,25.0
36.444443,24.9
8.611111,24.2
0.0,22.9
0.0,23.3
0.0,23.3
0.0,23.4
0.0,23.6
0.0,23.5
0.0,23.4
0.0,22.6
0.0,22.5
0.0,22.6
0.0,22.6
0.19444445,22.4
15.194445,22.7
47.305557,23.4
78.44444,23.4
113.666664,23.6
164.86111,23.4
186.33333,23.9
143.58333,23.2
88.69444,22.8
47.88889,22.5
57.61111,22.6
39.0,22.5
12.583333,22.5
0.11111111,22.4
0.0,22.5
0.0,22.5
0.0,22.2
0.0,22.3
0.0,22.2
0.0,21.9
0.0,21.9
0.0,21.9
0.0,22.0
0.0,22.2
0.3888889,22.1
27.055555,22.6
62.27778,23.3
138.80556,23.6
211.33333,24.2
189.61111,24.2
212.55556,24.4
336.80554,25.4
466.25,25.7
172.83333,25.8
115.361115,24.8
73.05556,25.0
35.02778,24.7
0.16666667,24.1
0.0,24.5
0.0,24.2
0.0,24.0
0.0,24.2
0.0,23.8
0.0,23.7
0.0,23.7
0.0,23.5
0.0,25.3
0.083333336,26.4
0.5,23.5
33.52778,24.9
183.38889,27.0
227.22223,26.9
307.33334,27.8
617.3333,27.2
357.47223,26.5
467.97223,27.0
293.27777,26.2
207.41667,26.0
143.02777,25.6
20.166666,23.4
16.194445,23.3
0.19444445,23.3
0.0,23.0
0.0,23.1
0.0,23.0
0.0,23.1
0.0,22.9
0.0,22.6
0.0,22.2
0.0,21.9
0.0,21.5
0.0,21.0
1.6666666,21.1
107.69444,23.4
265.27777,25.8
651.5,27.3
752.19446,27.9
609.8333,27.7
280.41666,27.8
350.33334,28.3
295.80554,28.0
263.1111,28.0
176.27777,27.2
126.416664,27.0
89.833336,25.9
0.41666666,22.2
0.0,21.6
0.0,21.0
0.0,20.6
0.0,20.0
0.0,19.8
0.0,19.6
0.0,19.4
0.0,19.3
0.0,19.1
0.0,18.9
1.75,18.8
91.27778,21.2
336.05554,25.3
496.83334,26.6
772.8333,28.0
918.3889,29.0
991.9722,30.8
982.8333,31.7
907.75,32.5
754.1667,32.5
554.3333,30.6
295.8611,30.1
77.583336,27.2
0.25,23.8
0.0,23.1
0.0,22.7
0.0,22.6
0.0,22.2
0.0,22.1
0.0,22.1
0.0,21.8
0.0,21.6
0.0,21.5
0.0,22.0
0.8888889,22.8
65.888885,24.0
299.1389,26.3
560.3333,27.8
760.0278,29.7
909.25,31.2
984.5,32.6
944.5,33.1
869.6389,32.9
726.30554,31.9
520.8889,31.0
285.75,29.9
78.611115,26.4
0.22222222,23.5
0.0,23.0
0.0,22.6
0.0,22.8
0.0,22.4
0.0,21.4
0.0,21.1
0.0,20.7
0.0,20.6
0.0,20.7
0.0,20.4
1.25,20.5
81.333336,22.7
302.27777,25.9
531.1389,28.3
729.1667,28.9
912.1111,30.2
977.6389,31.5
953.0278,30.7
869.9167,30.5
709.25,30.1
531.69446,29.9
282.08334,29.4
68.77778,27.1
0.083333336,24.8
0.0,25.7
0.0,24.1
0.0,24.6
0.0,22.8
0.0,22.3
0.0,22.2
0.0,23.2
0.0,22.5
0.0,22.1
0.0,22.5
0.33333334,23.2
39.305557,24.5
288.25,26.8
485.1111,27.4
529.8889,29.6
740.94446,29.3
811.6389,30.3
910.4167,31.3
878.19446,30.3
712.55554,30.0
491.83334,28.4
179.19444,27.2
45.305557,26.5
0.055555556,25.9
0.0,25.9
0.0,25.5
0.0,23.9
0.0,22.5
0.0,22.8
0.0,22.6
0.0,23.4
0.0,23.6
0.0,23.7
0.0,23.9
0.6388889,24.0
30.5,25.1
144.5,26.3
419.1389,27.7
462.69446,28.2
448.8611,28.8
588.6667,29.7
535.9167,29.1
313.66666,28.3
328.8611,27.8
140.80556,27.2
59.88889,26.5
14.944445,25.9
0.0,26.2
0.0,24.5
0.0,24.3
0.027777778,23.8
0.027777778,22.7
0.0,22.8
0.0,22.6
0.0,22.2
0.0,22.1
0.0,22.0
0.0,21.7
0.16666667,22.1
36.666668,23.0
163.08333,24.4
374.52777,26.9
406.41666,26.9
402.3889,27.8
137.91667,26.6
99.416664,26.6
105.27778,26.4
129.5,26.1
247.86111,26.2
116.5,26.2
16.11111,25.8
0.027777778,24.5
0.0,23.7
0.0,23.3
0.0,22.6
0.0,22.4
0.0,22.8
0.0,22.7
0.0,22.3
0.0,21.6
0.0,21.2
0.0,21.6
0.8055556,21.2
84.72222,23.2
297.69446,25.3
447.3611,26.7
621.2222,28.9
633.7222,28.8
546.3333,29.5
542.19446,28.8
771.4722,29.3
706.8889,28.5
368.19446,27.3
233.83333,26.8
45.77778,26.1
0.027777778,26.1
0.0,23.5
0.0,22.4
0.0,21.8
0.0,21.5
0.0,21.2
0.0,20.9
0.0,20.8
0.0,20.8
0.0,20.7
0.0,20.6
0.8611111,20.6
79.69444,22.7
309.52777,26.0
481.08334,27.1
698.1667,28.6
807.8611,30.2
937.5278,31.3
576.2778,30.3
610.6389,31.1
651.2222,30.5
502.77777,29.4
262.8889,28.2
57.36111,26.8
0.027777778,25.7
0.0,23.8
0.0,22.6
0.0,22.5
0.0,21.7
0.0,21.3
0.0,21.0
0.0,20.8
0.0,20.8
0.0,21.8
0.0,21.0
1.0555556,21.1
85.861115,23.7
311.69446,27.2
323.83334,26.4
618.8889,27.5
609.44446,28.6
749.5278,30.3
896.4167,30.5
522.3611,30.5
596.2778,29.8
149.88889,26.6
225.44444,26.2
35.805557,23.7
0.0,22.2
0.0,21.5
0.0,21.2
0.0,21.3
0.0,21.3
0.0,22.1
0.0,20.5
0.0,20.3
0.0,19.8
0.0,19.9
0.0,20.0
0.75,19.9
79.69444,22.6
310.0,25.5
533.8889,27.7
738.6667,29.8
865.19446,30.3
929.8333,31.7
934.80554,32.5
874.6111,32.9
715.0,33.0
504.0,32.7
264.27777,31.3
49.416668,26.1
0.0,24.1
0.0,23.6
0.0,23.2
0.0,23.1
0.0,25.1
0.0,23.2
0.0,22.4
0.0,22.1
0.0,22.2
0.0,21.5
0.0,21.5
0.7222222,21.4
74.94444,24.3
300.6389,27.9
529.94446,30.0
723.5278,31.7
868.2778,32.7
925.1389,33.9
929.7222,34.9
699.5278,34.3
402.30554,31.8
395.8889,32.6
256.3889,31.5
50.77778,26.8
0.0,27.0
0.0,26.3
0.0,26.0
0.0,25.1
0.0,24.4
0.0,23.9
0.0,23.4
0.0,22.6
0.0,22.5
0.0,22.2
0.0,21.9
0.7222222,22.3
77.638885,25.4
299.3611,27.8
511.80554,29.3
761.7222,31.5
863.3333,32.4
596.5,32.5
932.05554,33.2
830.0833,32.9
682.25,31.7
456.33334,31.1
229.25,30.2
20.444445,29.2
0.0,25.1
0.0,24.3
0.0,24.1
0.0,24.1
0.0,25.6
0.0,24.9
0.0,24.6
0.0,23.3
0.0,22.6
0.0,22.2
0.0,22.0
0.6666667,21.7
75.361115,24.7
289.77777,25.9
401.77777,27.9
695.30554,29.5
817.1111,29.9
767.8611,31.2
897.7778,31.5
795.1111,30.9
666.5833,31.8
462.5,31.1
159.13889,29.8
41.02778,28.6
0.0,27.1
0.0,27.6
0.0,26.9
0.0,26.5
0.0,26.1
0.0,25.4
0.0,23.0
0.0,21.8
0.0,21.4
0.0,21.1
0.0,21.0
0.6388889,20.7
77.44444,24.3
297.69446,27.2
477.47223,27.5
580.6389,28.5
681.80554,30.3
887.4167,31.5
891.6111,32.0
838.6389,31.9
724.94446,31.8
440.1111,30.0
126.833336,29.2
37.13889,27.6
0.0,26.8
0.0,26.3
0.0,26.4
0.0,26.2
0.0,25.7
0.0,25.4
0.0,24.7
0.0,24.0
0.0,21.4
0.0,20.8
0.0,21.0
0.5555556,20.4
85.138885,23.6
328.69446,25.5
542.5833,27.7
742.80554,29.1
863.80554,30.1
940.9722,31.6
935.5833,31.6
843.69446,31.3
702.8333,31.1
494.1389,29.9
249.75,28.0
43.694443,26.0
0.0,25.6
0.0,25.0
0.0,22.9
0.0,22.3
0.0,22.7
0.0,23.2
0.0,23.9
0.0,23.9
0.0,22.4
0.0,21.4
0.0,21.5
0.5,21.4
66.05556,23.7
282.05554,26.3
526.3333,28.5
498.72223,29.3
795.3889,30.1
609.69446,29.5
678.80554,31.2
800.0278,30.0
671.8889,29.0
299.3889,27.6
225.02777,27.3
26.972221,26.5
0.0,26.0
0.0,24.8
0.0,25.4
0.0,22.8
0.0,22.2
0.0,21.8
0.0,21.5
0.0,22.5
0.0,22.5
0.0,22.4
0.0,22.1
0.25,22.0
53.13889,23.8
221.11111,26.1
460.1111,28.4
637.9722,28.2
171.05556,25.9
345.91666,25.3
480.05554,24.8
228.36111,24.2
9.277778,22.6
5.361111,22.3
23.63889,22.6
10.75,22.7
0.0,22.6
0.0,22.6
0.0,22.4
0.0,22.1
0.0,22.1
0.0,22.1
0.0,21.8
0.0,22.1
0.0,21.6
0.0,21.3
0.0,21.5
0.6666667,21.1
68.388885,22.5
171.38889,24.1
433.44446,26.3
579.3889,28.6
395.72223,28.8
380.19446,29.6
844.4167,30.5
609.44446,30.8
518.30554,29.5
103.583336,28.7
32.305557,27.1
18.027779,25.5
0.0,24.1
0.0,23.9
0.0,24.2
0.0,24.2
0.0,22.8
0.0,22.5
0.0,22.5
0.0,22.5
0.0,22.4
0.0,22.0
0.0,21.8
0.19444445,22.1
44.38889,23.8
100.19444,25.1
377.6111,28.1
715.1667,30.0
843.3611,32.2
950.3889,33.2
820.8889,33.9
727.0,33.4
297.52777,32.4
112.94444,31.1
6.7222223,26.3
1.3611112,22.2
0.0,22.5
0.0,22.4
0.055555556,22.4
0.0,22.4
0.0,24.4
0.41666666,24.2
0.055555556,22.8
0.0,23.2
0.0,22.5
0.0,22.6
0.0,22.7
0.22222222,22.5
42.11111,23.6
129.36111,25.0
515.8611,27.5
615.0278,29.1
562.05554,30.9
911.8333,32.7
696.6667,33.8
815.1111,34.5
676.30554,35.3
381.75,32.2
74.5,29.3
10.861111,27.1
0.0,25.8
0.0,25.1
0.0,23.4
0.0,23.1
0.0,22.6
0.0,22.5
0.0,22.6
0.0,22.7
0.0,22.2
0.0,22.0
0.0,21.8
0.16666667,22.1
55.11111,23.0
288.6389,25.1
521.55554,27.6
704.1111,29.5
826.5278,31.3
897.5833,33.1
894.94446,33.7
757.7778,33.1
312.25,31.4
466.3611,30.9
207.05556,29.2
30.833334,27.0
0.0,25.4
0.0,23.8
0.0,23.8
0.0,23.0
0.0,22.9
0.0,22.3
0.0,22.2
0.0,22.2
0.0,21.9
0.0,21.7
0.0,21.6
0.44444445,21.4
57.944443,24.0
284.55554,26.3
504.58334,28.1
695.4167,30.2
828.5833,31.9
854.6111,32.5
761.7222,31.5
310.8889,29.8
474.8611,30.5
547.30554,29.8
226.16667,28.0
13.111111,25.7
0.0,23.9
0.0,23.2
0.0,23.2
0.0,23.6
0.0,23.1
0.0,22.2
0.0,22.4
0.0,22.1
0.0,22.1
0.0,21.9
0.0,21.5
0.6944444,21.6
48.72222,23.1
192.05556,25.6
454.66666,26.9
714.9722,28.4
866.9722,30.2
886.1389,30.6
674.1667,31.5
754.7222,30.6
579.25,29.9
399.3889,28.6
180.47223,27.3
16.805555,26.4
0.0,25.8
0.0,24.4
0.0,24.3
0.0,26.5
0.0,26.0
0.0,23.8
0.0,23.3
0.0,23.4
0.0,22.8
0.0,23.1
0.0,22.7
0.3888889,22.6
44.86111,24.5
225.02777,26.0
476.5,27.2
699.1389,29.0
817.2778,30.9
842.0278,31.6
673.9722,32.2
770.3889,32.8
502.30554,31.3
407.41666,32.0
110.166664,30.7
30.944445,28.4
0.0,28.6
0.0,26.8
0.0,24.4
0.0,23.8
0.0,23.3
0.0,23.2
0.0,22.8
0.0,22.8
0.0,22.3
0.0,22.3
0.0,22.1
1.0833334,22.4
70.666664,24.9
161.94444,27.2
370.08334,29.0
556.5,32.2
819.8889,33.8
673.5278,33.0
704.0278,34.2
769.69446,34.1
288.6111,32.9
366.3889,33.2
84.666664,31.1
19.833334,30.9
0.0,30.0
0.0,28.3
0.0,26.6
0.0,28.4
0.0,27.8
0.0,27.5
0.0,27.4
0.0,27.9
0.0,27.9
0.0,27.8
0.0,26.9
0.083333336,25.7
61.88889,27.9
297.02777,29.3
505.83334,31.4
705.25,31.8
586.7778,31.4
914.75,30.8
732.3333,29.5
437.3889,30.0
236.44444,28.7
217.83333,28.6
117.0,27.4
5.9444447,27.4
0.0,25.6
0.0,25.2
0.027777778,25.1
0.0,24.6
0.0,24.4
0.0,23.1
0.0,23.6
0.0,22.7
0.0,22.3
0.0,21.6
0.0,21.6
0.11111111,21.9
27.805555,22.6
94.19444,23.2
134.08333,23.9
187.61111,24.6
237.55556,25.3
209.55556,26.3
215.0,25.8
99.02778,25.3
90.5,25.4
69.361115,25.1
43.444443,24.8
2.75,23.3
0.0,22.3
0.0,21.6
0.0,20.7
0.0,20.5
0.0,20.7
0.0,20.2
0.0,20.3
0.0,20.5
0.0,20.6
0.0,19.1
0.0,18.8
0.19444445,19.6
30.222221,20.4
163.19444,22.2
310.91666,23.6
474.33334,24.8
713.55554,25.8
654.0278,26.9
219.44444,26.4
335.83334,25.9
499.8889,26.1
224.16667,25.0
97.833336,24.6
10.527778,24.0
0.0,23.8
0.0,22.0
0.0,20.7
0.0,20.2
0.0,20.2
0.0,19.7
0.0,19.1
0.0,19.9
0.0,19.9
0.0,19.3
0.0,19.1
0.16666667,18.9
36.52778,20.0
258.58334,23.4
359.8611,24.6
502.27777,26.2
689.75,26.4
675.94446,27.8
750.1389,28.4
792.5833,29.0
385.47223,27.7
395.55554,28.1
113.77778,26.6
13.944445,25.7
0.0,25.3
0.0,25.0
0.0,24.6
0.0,24.4
0.0,24.0
0.0,23.6
0.0,23.4
0.0,23.1
0.0,22.6
0.0,19.8
0.0,20.0
0.16666667,19.4
61.63889,21.3
272.47223,24.3
439.41666,24.4
504.44446,25.9
816.05554,27.0
852.9722,28.4
691.2222,29.2
771.1389,29.0
636.6667,27.7
403.44446,26.9
159.77777,26.0
13.638889,24.4
0.0,22.3
0.0,20.7
0.0,20.1
0.0,20.1
0.0,20.0
0.0,19.7
0.0,19.6
0.0,19.1
0.0,18.7
0.0,18.8
0.0,18.8
0.083333336,19.2
41.444443,20.3
280.91666,23.8
531.0833,25.1
697.9167,27.2
892.7778,28.3
461.33334,27.3
756.7778,28.3
780.94446,28.3
623.05554,27.8
364.6389,26.7
196.08333,25.5
18.166666,24.1
0.0,23.5
0.0,20.6
0.0,19.4
0.0,19.3
0.0,18.5
0.0,18.3
0.0,17.9
0.0,17.8
0.0,17.6
0.0,17.3
0.0,17.1
0.16666667,17.0
57.166668,19.4
277.52777,23.5
409.22223,24.6
620.1389,25.9
258.22223,25.1
317.3611,26.5
816.3611,27.6
683.2222,27.8
308.02777,28.3
400.8889,27.1
177.58333,25.7
16.194445,24.6
0.0,23.2
0.0,22.2
0.0,22.7
0.0,21.2
0.0,20.0
0.0,19.6
0.0,19.4
0.0,19.0
0.0,18.8
0.0,18.8
0.0,18.3
0.19444445,18.5
49.47222,19.7
260.80554,23.8
486.22223,25.6
653.8611,27.1
735.0,28.0
725.4167,29.0
731.30554,28.9
736.1667,28.8
572.05554,27.9
250.58333,26.4
146.77777,25.7
13.833333,24.6
0.0,23.7
0.0,21.9
0.0,22.4
0.0,21.2
0.0,20.8
0.0,20.7
0.0,21.9
0.0,22.2
0.0,22.2
0.0,22.4
0.0,21.7
0.055555556,21.2
57.333332,24.0
208.02777,24.3
253.08333,25.2
651.30554,26.9
770.1667,28.7
836.7778,30.6
843.1667,31.6
770.94446,32.3
632.2222,31.8
407.19446,31.1
178.0,28.5
13.972222,26.3
0.0,25.1
0.0,23.4
0.0,21.8
0.0,21.5
0.0,21.6
0.0,21.3
0.0,20.8
0.0,20.3
0.0,20.2
0.0,20.0
0.0,20.0
0.33333334,20.3
51.97222,24.2
190.55556,24.9
309.91666,26.6
380.3611,28.4
669.1111,29.8
654.19446,30.3
684.6389,32.0
673.9167,33.4
575.75,31.6
316.91666,29.5
136.22223,28.1
3.6666667,24.3
0.0,22.9
0.0,22.8
0.0,22.4
0.0,24.3
0.0,25.4
0.0,25.4
0.0,24.6
0.0,24.2
0.0,23.8
0.0,24.2
0.0,24.2
0.0,23.3
48.27778,24.4
192.25,26.0
325.25,26.9
508.0,28.1
770.4167,28.6
934.7222,28.9
747.30554,28.3
496.3889,29.4
556.5278,27.4
210.55556,26.8
189.30556,26.2
11.305555,24.9
0.0,24.7
0.0,21.9
0.0,20.5
0.0,20.0
0.0,19.6
0.0,19.1
0.0,18.8
0.0,19.1
0.0,18.8
0.0,19.1
0.0,18.2
0.11111111,17.7
53.47222,20.3
266.27777,23.5
492.6111,26.1
693.30554,26.8
646.44446,28.1
387.08334,27.7
356.6111,28.0
440.94446,27.2
554.2778,28.2
420.3889,27.4
180.75,25.7
11.138889,24.0
0.0,23.9
0.0,20.1
0.0,19.4
0.0,19.3
0.0,20.0
0.0,21.0
0.0,19.4
0.0,19.0
0.0,18.4
0.0,18.7
0.0,19.5
0.3888889,20.0
44.77778,21.3
127.833336,23.5
458.0,25.6
689.4722,27.0
624.8611,28.3
673.0278,28.8
571.6667,27.8
777.80554,28.1
589.1111,27.5
373.97223,26.3
109.083336,24.7
8.944445,24.1
0.0,24.0
0.0,23.2
0.0,23.6
0.0,22.3
0.0,22.0
0.0,21.4
0.0,20.6
0.0,20.4
0.0,20.3
0.0,20.7
0.0,20.6
0.027777778,20.1
38.13889,21.6
245.30556,24.1
439.97223,25.6
638.2222,26.6
767.4167,27.7
838.6111,29.2
808.9722,30.0
409.5,28.4
527.75,27.6
357.52777,27.1
135.80556,25.6
7.9166665,24.6
0.0,25.0
0.0,24.2
0.5833333,23.1
0.0,21.3
0.0,21.4
0.0,20.6
0.0,19.2
0.0,18.8
0.0,18.6
0.0,18.9
0.0,18.8
0.055555556,18.8
50.38889,20.6
237.61111,24.1
481.58334,26.4
637.6111,27.3
741.5,28.0
724.19446,29.2
785.7778,29.9
711.94446,29.0
566.6389,28.3
347.6389,27.8
144.22223,26.6
8.75,24.8
0.0,21.3
0.0,19.9
0.0,19.7
0.0,19.2
0.0,19.0
0.0,18.7
0.0,18.5
0.0,18.3
0.0,18.3
0.0,18.3
0.0,17.9
0.22222222,18.2
46.38889,19.3
242.38889,23.4
457.44446,25.6
629.9722,27.0
746.19446,28.2
763.2778,29.8
785.1667,31.4
641.94446,30.3
563.2222,30.8
359.1389,29.7
144.19444,28.4
8.416667,25.6
0.0,22.6
0.0,21.6
0.0,21.1
0.0,20.8
0.0,21.0
0.0,20.1
0.0,19.8
0.0,19.6
0.0,19.7
0.0,19.9
0.0,19.9
0.027777778,20.1
27.36111,20.5
241.38889,24.4
455.8889,26.7
638.2222,28.6
761.8889,31.1
817.1389,32.0
785.8333,32.8
668.7222,33.0
550.30554,33.7
384.3611,33.3
153.80556,31.0
7.3333335,24.6
0.0,23.5
0.0,22.5
0.0,21.9
0.0,21.5
0.0,21.1
0.0,20.8
0.0,20.4
0.0,20.3
0.0,19.9
0.0,19.7
0.0,19.6
0.055555556,19.2
46.194443,21.2
224.66667,25.9
435.44446,28.8
624.5,30.2
745.8611,32.0
806.30554,33.4
794.6111,34.6
717.0833,35.0
571.9167,35.2
366.05554,33.5
142.69444,30.3
6.7222223,25.9
0.0,24.0
0.0,23.4
0.0,22.6
0.0,22.2
0.0,21.8
0.0,21.5
0.0,21.2
0.0,21.4
0.0,21.2
0.0,20.7
0.0,21.1
0.0,25.1
46.194443,26.5
233.19444,28.7
446.1389,30.6
615.4167,32.0
742.55554,33.8
808.25,34.9
802.0278,35.9
631.3333,31.0
507.27777,31.2
345.33334,29.3
132.33333,27.3
2.2777777,26.9
0.0,26.5
0.30555555,26.5
0.0,25.9
0.0,25.7
0.0,25.9
0.0,25.7
0.0,25.6
0.0,25.4
0.0,24.4
0.0,24.0
0.0,23.9
0.027777778,24.0
25.36111,24.7
120.97222,26.0
226.05556,27.0
194.44444,27.5
228.33333,27.9
244.44444,28.0
351.94446,28.6
420.22223,29.1
300.33334,28.9
169.86111,28.6
59.38889,27.5
6.3333335,26.3
0.0,26.3
0.0,24.8
0.0,23.7
0.027777778,24.5
0.0,24.4
0.0,23.1
0.0,23.6
0.0,23.7
0.0,22.9
0.0,22.9
0.0,21.9
0.027777778,21.9
38.38889,23.1
227.83333,26.8
423.66666,28.1
599.8889,30.0
706.3333,31.0
714.3889,32.8
677.7778,33.5
589.5278,32.1
501.75,31.3
325.25,29.6
116.361115,27.3
3.6388888,26.6
0.0,26.6
0.0,26.1
0.0,25.6
0.0,25.3
0.0,25.0
0.0,25.3
0.0,24.1
0.0,23.5
0.0,23.8
0.0,23.4
0.0,23.3
0.0,22.5
24.805555,23.0
232.0,25.2
447.41666,27.2
611.6389,29.2
723.5,30.5
774.1389,31.3
750.25,31.1
659.6111,29.8
500.52777,28.8
250.25,27.5
72.22222,26.2
1.8333334,26.0
0.7777778,26.2
0.0,25.4
0.0,25.4
0.0,24.1
0.0,24.4
0.0,23.5
0.0,23.0
0.0,23.0
0.027777778,22.9
0.027777778,23.2
0.027777778,23.0
0.0,23.2
20.88889,23.8
65.25,23.9
63.72222,24.2
303.75,25.8
346.08334,26.8
494.1389,28.0
551.30554,29.1
498.05554,28.3
160.83333,26.8
45.805557,25.1
66.22222,25.5
4.361111,24.2
0.0,22.9
0.0,22.6
0.0,22.3
0.0,22.3
0.0,22.0
0.0,21.5
0.0,22.2
0.0,23.3
0.0,22.3
0.0,21.3
0.0,21.7
0.083333336,21.4
40.305557,22.2
202.69444,24.1
410.69446,26.2
606.3889,29.1
722.5278,30.7
720.55554,31.1
353.97223,31.0
439.41666,32.7
339.16666,31.6
300.19446,30.7
113.888885,29.0
4.0,26.1
0.0,25.4
0.0,25.0
0.0,24.3
0.0,24.8
0.0,24.0
0.0,23.3
0.0,22.7
0.0,24.5
0.0,23.0
0.0,23.1
0.0,22.7
0.0,22.6
4.6666665,22.4
137.19444,24.0
207.16667,23.9
100.388885,22.4
208.11111,23.8
208.91667,23.8
174.91667,23.5
116.583336,23.5
109.72222,23.2
64.166664,21.0
36.72222,21.0
2.6111112,21.1
0.0,21.0
0.0,20.6
0.0,20.3
0.0,20.7
0.0,20.4
0.0,20.2
0.0,20.0
0.0,19.6
0.0,19.6
0.0,19.5
0.0,19.6
0.0,18.9
44.916668,20.5
178.80556,22.0
420.0,22.9
581.05554,24.8
754.9167,25.4
831.55554,26.6
829.8611,27.6
680.5,27.7
490.08334,27.1
294.75,26.4
114.083336,25.4
4.8333335,24.3
0.0,24.0
0.0,23.6
0.0,22.6
0.0,19.9
0.0,19.2
0.0,18.8
0.0,18.5
0.0,18.3
0.0,18.2
0.0,18.0
0.0,17.9
0.0,17.8
38.805557,19.0
222.02777,22.9
428.77777,24.4
616.0278,26.0
726.0,27.8
778.80554,29.4
752.2222,30.8
661.5833,31.4
502.16666,30.4
308.6389,29.6
104.888885,27.5
1.4166666,23.3
0.0,22.2
0.0,21.6
0.0,21.1
0.0,20.9
0.0,20.6
0.0,20.2
0.0,19.8
0.0,19.5
0.0,19.6
0.0,19.4
0.0,19.0
0.0,19.1
35.47222,20.3
221.36111,24.1
415.75,25.7
589.9167,27.5
711.4722,29.3
767.4167,30.4
702.0833,30.2
631.44446,30.6
488.8611,30.1
286.47223,29.5
99.80556,27.5
2.5555556,23.6
0.0,22.7
0.0,22.4
0.0,21.8
0.0,21.4
0.0,21.5
0.0,21.5
0.0,22.9
0.0,23.8
0.0,21.8
0.0,20.8
0.0,20.4
0.0,20.2
30.666666,21.3
197.52777,24.8
420.25,26.9
597.80554,28.6
714.5278,30.3
777.2778,31.4
522.19446,31.6
719.25,32.3
605.1111,32.4
370.69446,32.2
124.05556,30.3
2.4444444,26.8
0.0,24.7
0.0,25.7
0.0,23.1
0.0,22.4
0.0,22.1
0.0,21.7
0.0,21.6
0.0,21.4
0.0,21.0
0.0,20.7
0.0,21.1
0.0,20.8
33.38889,22.2
133.58333,26.2
355.0,28.7
507.27777,30.2
528.1111,30.7
625.19446,31.2
653.2778,31.5
396.1389,31.5
291.55554,31.4
177.63889,30.7
112.97222,30.2
5.0,28.3
0.0,26.7
0.0,23.0
0.0,21.9
0.0,21.3
0.0,20.6
0.0,20.5
0.0,20.7
0.0,20.7
0.0,21.6
0.0,20.4
0.0,25.0
0.0,23.3
31.88889,24.5
229.44444,28.5
437.41666,30.3
555.69446,30.8
681.1667,32.3
746.4167,33.5
790.69446,34.0
665.8333,33.7
521.80554,33.6
339.75,32.8
107.666664,28.4
1.7222222,25.3
0.0,25.4
0.0,26.2
0.0,25.4
0.0,25.0
0.0,24.6
0.0,23.2
0.0,23.7
0.0,24.2
0.0,24.2
0.0,24.2
0.0,23.1
0.027777778,22.6
20.277779,23.9
99.0,24.8
288.83334,25.8
442.41666,27.2
694.8889,26.8
502.1389,25.8
235.61111,24.5
89.44444,23.7
53.36111,22.9
22.583334,22.7
4.5,21.5
0.027777778,21.0
0.0,21.1
0.0,21.3
0.0,21.0
0.0,20.5
0.0,20.5
0.0,20.2
0.0,19.6
0.0,19.7
0.0,19.4
0.0,19.6
0.0,19.3
0.0,19.2
3.5833333,19.3
60.88889,19.4
70.0,18.9
155.83333,19.5
164.77777,20.3
260.55554,21.7
143.16667,21.1
123.666664,21.1
134.44444,21.3
80.083336,21.0
30.444445,20.8
1.0555556,19.9
0.0,20.1
0.0,19.1
0.0,20.4
0.0,18.6
0.0,16.6
0.0,15.3
0.0,15.5
0.0,15.5
0.0,14.7
0.0,14.1
0.0,13.8
0.0,13.4
29.472221,14.8
193.33333,18.7
440.41666,20.7
623.9722,22.7
792.8611,23.7
283.83334,23.1
660.0,23.6
625.1111,24.7
486.19446,23.6
213.16667,22.6
102.861115,21.3
2.1666667,20.5
0.0,19.5
0.0,16.1
0.0,16.1
0.0,15.9
0.0,14.9
0.0,14.9
0.0,14.8
0.0,14.7
0.0,14.3
0.0,14.2
0.0,14.2
0.0,14.2
24.88889,15.2
208.75,20.4
414.69446,22.2
577.5278,23.9
691.3611,25.1
739.8889,27.1
714.8333,28.4
600.9722,28.3
474.1389,26.7
280.33334,25.1
97.138885,24.1
2.25,20.6
0.0,20.5
0.027777778,21.3
0.0,20.1
0.0,19.0
0.0,19.6
0.0,18.9
0.0,18.5
0.0,18.5
0.0,18.5
0.0,18.1
0.0,18.0
0.0,17.7
18.305555,18.4
141.5,22.0
309.66666,24.0
359.05554,24.6
611.5278,26.6
554.9722,27.8
495.75,26.7
311.27777,26.3
181.33333,25.3
99.52778,24.5
22.11111,24.0
0.41666666,23.4
0.0,22.9
0.0,22.7
0.0,22.8
0.0,22.8
0.0,22.4
0.0,22.5
0.0,22.4
0.0,21.9
0.0,21.9
0.0,21.9
0.0,21.8
0.0,21.4
14.25,22.0
69.30556,22.9
118.416664,24.0
200.52777,24.4
176.88889,24.6
147.72223,24.7
139.0,24.7
167.44444,24.6
152.05556,24.5
93.083336,24.2
36.13889,23.9
1.6111112,23.3
0.0,22.9
0.0,22.3
0.0,22.6
0.0,22.3
0.0,21.6
0.0,21.2
0.0,20.8
0.0,20.5
0.0,19.8
0.0,19.1
0.0,18.4
0.0,18.1
21.36111,18.9
171.25,22.2
379.52777,24.7
552.4167,26.1
655.4167,27.5
684.6389,28.3
682.4167,29.0
511.58334,28.9
367.0,27.4
148.02777,25.7
51.194443,24.6
1.0277778,23.0
0.0,22.2
0.0,21.3
0.0,21.0
0.0,21.4
0.0,21.7
0.0,21.4
0.0,21.8
0.0,21.4
0.0,21.0
0.0,20.1
0.0,19.8
0.0,19.5
11.944445,20.6
136.25,23.5
333.47223,25.2
548.0278,26.8
521.3889,27.3
573.4167,29.4
611.4722,30.6
499.69446,31.0
317.69446,30.2
160.63889,29.1
32.63889,26.9
0.7777778,25.7
0.0,25.0
0.0,24.7
0.0,24.5
0.0,24.3
0.0,23.6
0.0,22.9
0.0,21.9
0.0,21.9
0.0,22.3
0.0,21.8
0.0,21.3
0.0,20.9
22.222221,21.4
135.52777,24.2
302.0,26.4
502.05554,27.9
423.33334,27.7
568.9722,28.1
251.91667,27.4
313.47223,26.8
183.66667,26.1
106.72222,25.2
29.88889,24.7
0.3611111,24.2
0.0,23.6
0.0,22.8
0.0,23.1
0.0,22.0
0.0,22.1
0.0,22.6
0.0,22.3
0.0,22.5
0.0,22.4
0.0,22.3
0.0,22.4
0.0,22.0
5.1944447,22.7
33.805557,22.9
85.583336,23.1
212.22223,23.6
198.25,23.0
242.94444,24.3
289.55554,24.5
207.58333,23.9
100.638885,23.2
29.333334,22.8
6.1666665,22.1
0.0,22.1
0.055555556,21.8
0.0,21.7
0.0,21.6
0.0,21.4
0.0,21.6
0.0,21.3
0.0,21.1
0.0,21.1
0.0,21.2
0.0,21.3
0.0,21.2
0.0,21.0
0.5277778,20.8
2.2222223,20.5
4.611111,20.3
14.111111,20.4
32.88889,20.6
101.94444,21.4
152.08333,21.8
322.97223,23.3
163.47223,23.0
262.27777,23.0
23.25,22.5
1.7777778,22.1
0.0,21.7
0.0,21.5
0.0,21.2
0.0,21.2
0.0,20.6
0.0,20.5
0.0,20.2
0.0,20.0
0.0,20.0
0.0,19.5
0.0,19.5
0.0,19.4
16.36111,19.6
90.55556,20.3
179.13889,21.3
272.5,21.8
271.1389,21.6
111.19444,19.7
214.66667,20.9
163.88889,21.2
69.416664,20.3
24.25,19.4
18.027779,19.0
0.6666667,19.0
0.0,18.9
0.0,18.3
0.0,18.3
0.0,18.3
0.0,18.5
0.0,18.6
0.0,18.5
0.0,18.3
0.0,18.3
0.0,18.1
0.0,18.3
0.0,18.3
6.2777777,18.5
55.444443,19.3
122.02778,20.3
233.27777,21.0
334.41666,21.9
242.27777,22.1
97.47222,21.7
130.0,21.5
109.861115,21.4
48.583332,20.9
15.888889,20.7
0.027777778,20.6
0.0,20.5
0.0,19.7
0.0,19.6
0.0,19.6
0.0,19.7
0.0,19.7
0.0,19.6
0.0,18.8
0.0,18.0
0.0,17.4
0.0,17.1
0.0,16.7
12.361111,17.1
188.16667,21.0
343.16666,22.0
491.44446,23.2
629.19446,24.7
495.27777,24.6
624.44446,26.2
451.83334,26.5
271.72223,26.5
192.38889,24.2
72.916664,23.1
0.7777778,22.0
0.0,21.2
0.0,20.7
0.0,20.0
0.0,21.3
0.0,21.0
0.0,20.3
0.0,19.5
0.0,19.1
0.0,18.8
0.0,18.2
0.0,18.1
0.0,18.8
21.027779,18.9
177.55556,21.7
374.66666,23.6
550.4722,24.7
648.9167,25.9
684.2778,26.8
650.8611,27.4
592.1667,27.5
386.94446,25.4
108.27778,24.0
19.13889,23.6
0.25,23.3
0.0,23.1
0.0,23.1
0.0,22.8
0.0,23.0
0.0,22.2
0.0,22.2
0.0,22.2
0.0,22.2
0.0,21.7
0.0,21.1
0.0,21.0
0.0,21.2
9.0,21.3
38.666668,21.6
141.55556,22.0
150.22223,22.8
143.97223,22.7
96.388885,22.8
245.55556,24.2
186.58333,24.1
100.166664,23.0
37.63889,23.0
17.13889,22.8
0.22222222,22.0
0.0,21.5
0.0,21.3
0.0,21.4
0.0,21.2
0.0,21.3
0.0,21.4
0.0,21.4
0.0,21.5
0.0,21.0
0.0,20.9
0.0,21.0
0.0,20.9
3.8055556,21.2
29.333334,21.7
147.72223,22.9
227.94444,24.1
432.22223,25.0
538.5833,25.5
686.4722,26.4
628.8611,26.6
431.27777,26.5
153.55556,25.4
45.333332,24.3
0.5,23.7
0.0,23.7
0.0,21.3
0.0,20.4
0.0,19.6
0.0,19.5
0.0,19.3
0.0,19.0
0.0,18.7
0.0,18.1
0.0,18.3
0.0,18.0
0.0,17.7
14.833333,18.6
126.416664,21.4
344.30554,24.1
542.94446,26.6
659.25,28.9
712.5278,29.7
556.6667,28.1
595.1389,27.3
397.47223,25.6
315.1389,24.8
35.0,23.8
0.6388889,23.3
0.0,23.1
0.0,22.8
0.0,22.7
0.0,22.4
0.0,22.4
0.0,22.0
0.0,21.1
0.0,21.3
0.0,21.5
0.0,21.5
0.0,21.2
0.0,20.5
12.444445,20.1
179.08333,21.8
467.05554,
420.1389,
401.55554,23.8
510.3889,24.3
679.6389,24.8
711.1389,24.7
596.6667,25.1
392.05554,24.2
135.97223,21.9
3.0,21.4
0.0,18.2
0.0,17.8
0.0,18.0
0.0,17.3
0.0,16.6
0.0,17.6
0.0,17.4
0.0,17.1
0.0,17.2
0.0,17.5
0.0,18.1
0.0,18.4
6.8333335,18.8
94.361115,19.9
191.47223,20.9
283.77777,22.0
283.5,23.4
221.30556,22.0
171.58333,22.2
193.27777,22.9
110.25,22.7
111.333336,22.6
61.333332,22.0
2.9722223,20.8
0.0,20.8
0.0,19.9
0.0,19.2
0.0,19.3
0.0,18.9
0.0,19.0
0.0,18.8
0.0,19.3
0.0,18.4
0.0,18.7
0.0,19.0
0.0,19.0
3.75,19.1
69.69444,21.1
273.3611,22.0
469.97223,24.3
593.3611,24.1
596.1389,24.9
749.3333,25.9
409.1111,25.3
269.77777,25.8
249.11111,25.5
77.361115,22.7
2.1666667,20.5
0.0,19.9
0.0,19.2
0.0,18.5
0.0,18.4
0.0,18.2
0.0,22.2
0.0,21.6
0.0,21.8
0.0,21.6
0.0,21.9
0.0,21.4
0.0,21.3
1.8333334,20.8
48.61111,20.9
260.94446,22.5
424.6389,23.6
663.8333,24.3
508.3889,25.0
387.8611,24.6
533.0,25.3
220.83333,24.1
66.833336,23.3
42.72222,22.7
0.5277778,22.3
0.0,22.0
0.0,21.7
0.0,20.5
0.0,20.8
0.0,20.7
0.0,20.2
0.0,19.7
0.0,19.2
0.0,19.7
0.0,18.8
0.0,17.8
0.0,17.0
8.555555,17.0
138.63889,20.6
331.0,22.7
498.22223,23.5
474.22223,24.9
479.27777,24.6
172.77777,24.0
480.30554,25.4
356.30554,23.9
50.944443,23.3
14.388889,22.5
1.3055556,21.5
0.0,21.2
0.0,20.8
0.0,19.9
0.0,20.0
0.0,20.1
0.0,20.2
0.027777778,19.1
0.0,19.5
0.0,19.5
0.0,18.9
0.0,19.1
0.0,19.0
1.5277778,19.2
20.166666,19.4
68.861115,19.8
174.58333,20.3
261.0,20.8
93.02778,19.9
143.33333,20.5
136.19444,20.0
85.083336,19.0
220.22223,20.6
114.861115,19.7
2.2777777,18.7
0.0,19.2
0.0,19.1
0.0,18.9
0.0,18.7
0.0,18.8
0.0,19.0
0.0,18.7
0.0,18.6
0.0,17.8
0.0,18.2
0.0,17.7
0.0,17.9
6.9722223,17.4
96.333336,19.3
254.44444,21.2
447.3611,22.7
540.0833,24.0
477.05554,24.1
797.2222,24.9
457.75,24.9
364.22223,24.6
194.22223,23.1
54.61111,22.2
2.1944444,21.7
0.0,19.3
0.0,18.0
0.0,18.2
0.0,17.3
0.0,16.9
0.0,17.2
0.0,16.9
0.0,16.9
0.0,17.3
0.0,17.9
0.0,18.7
0.0,19.2
4.638889,18.8
55.36111,19.3
192.16667,21.2
331.25,20.1
224.22223,21.2
280.6111,22.4
147.94444,20.2
247.55556,21.5
293.33334,21.8
91.083336,21.9
41.194443,20.1
1.6666666,19.3
0.0,18.6
0.0,17.1
0.0,16.1
0.0,15.7
0.0,15.7
0.0,15.1
0.0,14.9
0.0,14.9
0.0,14.6
0.0,14.1
0.0,14.1
0.0,14.6
6.888889,15.7
90.611115,17.6
149.58333,18.7
181.94444,19.8
372.8611,21.5
262.80554,19.3
90.416664,19.8
490.27777,22.5
497.77777,23.1
84.0,21.6
48.083332,20.9
2.6111112,17.2
0.0,16.3
0.0,16.7
0.0,16.7
0.0,15.9
0.0,16.1
0.0,14.7
0.0,14.2
0.0,14.0
0.0,13.7
0.0,13.6
0.0,13.1
0.0,12.9
7.5833335,13.2
132.91667,16.0
309.5,18.8
513.94446,20.3
648.6667,22.6
722.5278,23.5
549.8611,24.3
651.94446,24.7
524.3333,25.2
325.25,24.4
108.25,21.6
2.2222223,17.1
0.0,16.1
0.0,15.4
0.0,14.8
0.0,14.6
0.0,14.2
0.0,14.2
0.0,13.7
0.0,13.2
0.0,13.4
0.0,13.3
0.0,13.1
0.0,12.7
8.833333,12.9
129.27777,16.5
340.75,19.4
517.5278,21.8
651.05554,23.8
724.5,24.9
715.55554,25.5
635.8611,26.0
513.69446,25.6
335.75,24.6
112.083336,21.0
1.8611112,16.9
0.0,16.2
0.0,15.4
0.0,15.1
0.0,14.1
0.0,13.6
0.0,13.1
0.0,12.9
0.0,12.6
0.0,12.5
0.0,12.4
0.0,12.3
0.0,11.8
6.25,12.0
132.08333,15.8
342.77777,19.3
507.8889,21.4
643.6389,23.2
700.8333,25.5
688.1389,25.5
612.8611,26.4
468.75,26.1
306.08334,25.4
101.666664,21.5
2.0555556,18.0
0.0,16.8
0.0,16.2
0.0,16.0
0.0,15.6
0.0,15.6
0.0,15.4
0.0,15.0
0.0,14.2
0.0,14.2
0.0,13.7
0.0,14.1
0.0,13.8
8.138889,13.8
105.638885,16.9
304.5,20.8
473.44446,22.7
607.6667,24.4
608.9167,26.4
654.5278,27.7
584.55554,28.5
483.44446,29.4
316.22223,26.5
119.75,22.1
2.3888888,19.2
0.0,18.2
0.0,18.9
0.0,17.5
0.0,17.5
0.0,17.5
0.0,16.6
0.0,16.1
0.0,15.7
0.0,15.1
0.0,14.5
0.0,14.6
0.0,14.2
6.2777777,14.0
114.083336,18.3
306.44446,21.4
486.80554,23.6
602.4167,25.0
594.6667,25.6
515.1111,25.6
481.3889,25.5
418.16666,25.0
262.55554,24.0
63.194443,22.4
1.4444444,22.1
0.0,21.8
0.0,20.4
0.0,17.8
0.0,17.1
0.0,17.4
0.0,18.7
0.0,19.3
0.0,19.2
0.0,19.5
0.0,19.1
0.0,18.8
0.0,18.7
1.2222222,18.9
28.944445,20.1
61.833332,20.8
93.72222,21.1
129.72223,21.2
155.94444,21.3
135.30556,21.3
212.25,22.1
179.05556,21.8
96.25,22.1
33.22222,21.4
1.0,20.5
0.0,19.4
0.0,18.8
0.0,17.7
0.0,18.8
0.0,17.4
0.0,17.1
0.0,16.8
0.0,18.5
0.0,17.0
0.0,16.0
0.0,15.6
0.0,15.3
7.4166665,15.4
72.05556,17.1
295.16666,21.3
505.72223,23.3
641.3333,25.0
495.3889,26.7
514.8889,27.3
258.33334,26.8
65.666664,21.7
32.47222,21.6
38.5,21.2
1.5555556,19.9
0.0,19.7
0.0,19.7
0.0,19.3
0.0,18.9
0.0,18.4
0.0,18.5
0.0,19.0
0.0,18.5
0.0,18.7
0.0,18.4
0.0,18.8
0.0,19.2
5.638889,20.0
57.833332,22.8
152.19444,26.3
501.94446,28.0
619.19446,28.7
369.1389,28.0
237.16667,27.7
275.02777,26.1
339.41666,25.6
222.11111,24.0
74.361115,23.0
1.0833334,23.0
0.0,22.0
0.0,21.5
0.0,21.6
0.0,21.3
0.0,21.0
0.0,20.8
0.0,20.8
0.0,20.5
0.0,20.3
0.0,20.4
0.0,20.5
0.0,20.3
2.4722223,20.3
32.583332,21.1
138.22223,22.5
295.72223,23.6
490.30554,24.2
445.8889,24.5
432.3611,25.4
319.72223,26.0
358.47223,25.7
192.33333,25.1
54.305557,23.7
1.8333334,21.7
0.0,20.5
0.0,19.8
0.0,19.7
0.0,20.3
0.0,19.8
0.0,19.2
0.0,19.0
0.0,18.5
0.0,18.3
0.0,19.2
0.0,19.5
0.0,19.2
5.3055553,19.3
73.916664,21.4
165.63889,23.5
463.58334,24.8
455.6111,25.4
329.77777,24.9
316.22223,24.5
143.44444,24.7
97.0,24.3
72.55556,23.0
5.3055553,21.3
0.7777778,21.0
0.0,20.7
0.0,20.0
0.0,19.8
0.0,19.9
0.0,19.9
0.0,20.0
0.0,19.9
0.0,19.8
0.0,19.7
0.0,19.6
0.0,19.6
0.0,19.5
2.5555556,19.3
33.02778,19.8
74.583336,19.9
175.69444,20.4
261.80554,20.8
241.72223,21.1
250.16667,21.2
214.33333,20.6
101.55556,19.9
89.083336,19.7
34.944443,19.2
0.8611111,18.9
0.0,18.9
0.0,19.1
0.0,19.1
0.0,18.6
0.0,18.6
0.0,18.6
0.0,18.1
0.0,18.1
0.0,18.3
0.0,18.2
0.0,18.1
0.0,18.2
2.9722223,18.3
40.36111,18.9
80.94444,19.0
207.13889,19.8
311.75,20.4
399.1389,21.0
449.52777,21.4
167.58333,20.6
269.58334,21.7
286.97223,21.7
92.30556,20.4
1.3611112,19.1
0.0,20.0
0.0,17.9
0.0,16.4
0.0,15.9
0.0,14.9
0.0,15.7
0.0,15.0
0.0,13.7
0.0,13.5
0.0,13.4
0.0,13.3
0.0,12.8
5.138889,12.9
128.63889,16.6
344.8611,19.4
521.30554,21.4
377.05554,21.9
583.69446,21.6
288.66666,22.0
528.1667,23.0
278.69446,22.5
279.58334,21.9
92.833336,20.5
2.25,20.2
0.0,17.2
0.0,15.4
0.0,15.1
0.0,14.1
0.0,13.9
0.0,13.8
0.0,13.5
0.0,13.2
0.0,13.0
0.0,12.7
0.0,12.8
0.0,13.4
5.5555553,14.6
121.69444,16.7
327.72223,19.4
504.1111,20.7
632.8333,22.0
705.3889,23.6
704.44446,24.7
584.80554,24.7
506.44446,25.7
326.05554,25.5
114.638885,19.5
2.9722223,17.2
0.0,16.4
0.0,16.2
0.0,15.6
0.0,15.4
0.0,15.4
0.0,15.1
0.0,14.6
0.0,14.4
0.0,14.8
0.0,14.4
0.0,14.1
0.0,14.0
9.722222,14.1
127.083336,17.1
323.52777,21.1
454.33334,22.5
625.4167,24.7
631.94446,26.3
694.5278,27.7
596.69446,28.3
496.30554,29.5
318.22223,28.8
83.583336,23.8
2.5277777,20.3
0.0,18.4
0.0,18.0
0.0,18.7
0.0,19.4
0.0,19.6
0.0,20.9
0.0,22.1
0.0,21.9
0.0,22.0
0.0,21.2
0.0,20.3
0.0,18.6
1.3888888,19.2
14.611111,20.1
94.111115,21.7
64.55556,21.7
53.416668,20.8
69.52778,20.9
124.138885,21.8
131.77777,21.6
96.52778,21.7
89.80556,21.4
35.77778,20.6
1.8055556,20.3
0.0,20.6
0.0,19.2
0.0,19.1
0.0,19.4
0.0,18.6
0.0,18.9
0.0,19.0
0.0,19.0
0.0,18.7
0.0,18.0
0.0,18.2
0.0,17.7
5.5277777,17.0
119.69444,20.5
232.86111,21.7
471.91666,22.7
616.8611,24.2
685.55554,25.6
688.9167,26.7
616.0833,27.9
488.1111,27.7
315.8611,26.8
102.416664,22.7
2.6111112,19.7
0.0,18.8
0.0,18.5
0.0,18.1
0.0,17.9
0.0,17.7
0.0,18.4
0.0,17.3
0.0,17.4
0.0,16.7
0.0,16.9
0.0,16.8
0.0,17.2
4.861111,19.6
121.22222,22.6
331.1389,24.4
500.97223,27.5
622.1111,28.9
685.6111,29.7
681.3333,30.2
607.3611,28.5
476.97223,26.3
288.19446,24.6
124.27778,22.7
3.8888888,22.5
0.0,22.7
0.0,21.6
0.0,21.9
0.0,21.9
0.0,21.6
0.0,21.4
0.0,20.8
0.0,20.7
0.0,20.5
0.0,20.4
0.0,20.6
0.0,20.4
2.2777777,20.3
43.11111,20.4
111.861115,20.8
181.08333,21.2
308.22223,21.7
401.6111,21.7
295.08334,20.7
53.75,19.9
60.63889,20.2
33.25,19.7
12.25,19.1
0.083333336,19.3
0.0,19.3
0.0,19.5
0.0,19.1
0.0,19.0
0.0,18.7
0.0,18.8
0.0,18.6
0.0,18.3
0.0,18.2
0.0,18.2
0.0,18.1
0.0,18.2
2.1944444,18.1
45.61111,18.5
41.11111,18.6
69.02778,19.1
97.611115,19.2
126.083336,19.8
119.55556,19.7
106.916664,19.5
71.30556,19.4
43.194443,19.1
18.13889,19.0
0.33333334,19.2
0.0,18.8
0.0,18.8
0.0,18.6
0.0,18.6
0.0,18.6
0.0,18.7
0.0,18.6
0.0,18.5
0.0,18.5
0.0,18.7
0.0,18.6
0.0,18.7
1.0277778,18.8
22.027779,18.9
64.0,19.6
100.02778,20.6
122.30556,20.8
157.25,21.5
87.416664,21.4
126.416664,22.0
141.94444,22.3
107.02778,22.2
55.61111,21.8
1.8333334,20.4
0.0,20.4
0.0,20.4
0.0,20.4
0.0,20.1
0.0,20.1
0.0,19.4
0.0,18.6
0.0,17.5
0.0,18.1
0.0,17.7
0.0,17.7
0.0,17.8
2.9166667,18.5
56.166668,18.7
158.88889,19.7
370.8889,22.4
377.47223,22.8
542.19446,24.6
599.7222,25.9
605.0,26.5
452.77777,26.9
229.0,24.6
49.805557,23.4
3.0555556,20.8
0.0,19.2
0.0,18.7
0.0,18.3
0.0,18.1
0.0,18.2
0.0,18.0
0.0,17.3
0.0,17.9
0.0,17.3
0.0,17.4
0.0,18.6
0.0,19.4
3.25,19.8
44.77778,20.7
94.0,21.1
204.5,22.3
539.6111,24.1
668.8611,25.7
679.80554,27.7
617.9722,28.1
496.97223,28.8
312.66666,27.7
110.55556,22.8
2.9444444,20.5
0.0,19.9
0.0,19.1
0.0,18.7
0.0,18.4
0.0,18.0
0.0,17.6
0.0,17.3
0.0,17.3
0.0,17.5
0.0,17.8
0.0,21.4
0.0,19.0
4.25,17.2
122.916664,23.0
331.75,24.4
500.52777,26.7
625.3889,28.5
688.8333,29.6
683.9167,30.7
609.1389,31.1
489.44446,26.3
301.6389,24.1
113.75,23.1
3.2222223,20.8
0.0,21.8
0.0,20.1
0.0,19.5
0.0,20.3
0.0,20.6
0.0,20.2
0.0,20.5
0.0,18.7
0.0,18.2
0.0,17.5
0.0,17.0
0.0,16.9
4.9166665,17.0
110.05556,19.7
281.97223,22.0
453.02777,24.3
602.05554,25.4
693.44446,26.9
678.19446,27.9
578.6111,27.7
411.94446,27.9
302.44446,27.7
117.80556,22.9
3.0,20.8
0.0,20.0
0.0,20.0
0.0,21.1
0.0,21.3
0.0,21.1
0.0,20.3
0.0,18.9
0.0,18.1
0.0,17.4
0.0,17.0
0.0,17.1
0.0,17.1
4.5277777,17.8
120.0,21.1
323.52777,26.1
497.8611,28.9
627.94446,30.3
702.7222,31.2
698.3333,31.5
625.69446,31.4
499.8611,32.0
320.66666,30.1
114.388885,26.7
3.0555556,21.3
0.0,19.8
0.0,19.3
0.0,18.2
0.0,18.0
0.0,17.6
0.0,17.2
0.0,17.0
0.0,17.0
0.0,17.3
0.0,16.3
0.0,16.1
0.0,15.7
4.4166665,15.7
116.111115,19.7
320.47223,24.3
498.8611,26.8
630.6111,28.0
700.1111,29.3
703.6111,30.3
632.8889,31.1
508.75,31.3
325.55554,29.3
109.22222,24.9
3.3888888,21.1
0.0,20.7
0.0,19.4
0.0,18.7
0.0,18.4
0.0,17.9
0.0,17.7
0.0,17.4
0.0,17.2
0.0,16.5
0.0,16.4
0.0,16.5
0.0,16.1
4.5833335,16.1
113.388885,19.4
324.80554,23.4
505.5,25.9
633.30554,27.6
697.4722,29.1
690.9167,30.1
560.0,26.8
496.52777,26.1
337.25,24.7
156.36111,22.7
4.8055553,22.0
0.0,22.4
0.0,22.6
0.0,22.3
0.0,22.0
0.0,21.4
0.0,20.9
0.0,20.9
0.0,20.6
0.0,20.3
0.0,19.6
0.0,19.9
0.0,19.9
1.8055556,20.5
37.63889,21.3
194.63889,22.3
243.94444,22.9
327.3611,23.5
250.94444,23.1
225.69444,23.2
182.47223,22.0
49.0,21.1
81.361115,21.3
40.61111,21.1
2.0555556,20.8
0.0,20.4
0.0,19.3
0.0,19.0
0.0,18.8
0.0,18.9
0.0,18.6
0.0,18.5
0.0,18.4
0.0,18.2
0.0,18.2
0.0,18.4
0.0,18.3
1.4444444,18.4
22.666666,18.5
82.80556,19.3
132.88889,19.9
229.02777,20.6
425.80554,21.1
286.55554,21.4
313.52777,22.0
84.02778,20.9
69.0,20.6
16.583334,20.4
0.30555555,19.2
0.0,18.9
0.0,18.9
0.0,18.7
0.0,18.6
0.0,17.8
0.0,18.3
0.0,17.6
0.0,16.7
0.0,15.7
0.0,15.2
0.0,15.0
0.0,14.6
4.7777777,14.4
104.833336,17.7
309.94446,20.7
534.19446,21.5
431.97223,21.5
590.5,22.6
547.69446,22.6
629.80554,23.9
496.72223,23.8
320.33334,23.6
112.94444,22.4
3.6666667,21.1
0.0,18.9
0.0,19.6
0.0,19.4
0.0,19.3
0.0,19.6
0.0,19.2
0.0,18.3
0.0,17.8
0.0,17.1
0.0,16.5
0.0,16.2
0.0,15.8
4.75,15.9
110.52778,19.2
308.66666,22.0
483.25,24.9
611.19446,26.2
683.6111,27.4
689.0833,26.3
622.55554,24.5
460.0,23.6
326.97223,23.0
58.22222,22.0
1.5833334,22.1
0.0,22.0
0.0,21.4
0.0,21.2
0.0,20.7
0.0,20.3
0.0,19.7
0.0,19.4
0.0,18.9
0.0,19.0
0.0,18.8
0.0,19.1
0.0,18.0
3.9722223,18.4
58.75,19.2
153.86111,19.9
219.58333,20.4
207.08333,21.1
237.77777,21.6
230.63889,21.4
352.77777,21.8
418.30554,21.7
175.66667,20.3
36.555557,20.0
1.8333334,19.8
0.0,19.8
0.0,18.9
0.0,18.4
0.0,18.6
0.0,18.6
0.0,18.4
0.0,18.2
0.0,18.0
0.0,17.9
0.0,18.1
0.0,18.1
0.0,17.7
3.4444444,17.2
65.611115,19.1
110.25,19.6
183.77777,20.5
375.47223,21.2
513.0833,22.6
496.6389,23.2
588.55554,23.3
505.19446,23.9
319.6111,23.0
100.611115,21.3
4.361111,17.2
0.0,16.1
0.0,15.6
0.0,14.9
0.0,14.6
0.0,14.4
0.0,14.3
0.0,14.3
0.0,13.6
0.0,13.7
0.0,13.3
0.0,13.0
0.0,12.5
4.7222223,13.3
124.638885,16.9
329.44446,19.8
507.91666,21.7
644.75,24.4
712.6667,26.6
716.0,28.5
656.7778,29.6
524.9722,29.9
335.1111,28.4
127.52778,24.9
3.8333333,20.0
0.0,18.3
0.0,18.0
0.0,20.4
0.0,17.8
0.0,17.6
0.0,19.8
0.0,17.9
0.0,16.8
0.0,16.1
0.0,16.1
0.0,15.3
0.0,14.9
5.0277777,14.9
116.55556,18.1
313.25,21.4
491.1389,22.9
612.4722,24.4
680.1111,25.9
685.4167,27.4
623.0,27.8
503.77777,28.0
333.02777,27.9
127.166664,22.8
4.361111,20.1
0.0,18.4
0.0,18.0
0.0,17.8
0.0,17.6
0.0,18.0
0.0,22.2
0.0,22.8
0.0,22.2
0.0,21.2
0.0,19.9
0.0,20.5
0.0,20.8
6.5277777,18.7
135.66667,24.1
233.05556,24.9
345.66666,26.9
538.25,28.3
641.2778,28.7
258.1389,27.3
183.05556,26.5
250.44444,25.5
136.47223,23.4
56.416668,22.8
0.8888889,22.4
0.0,21.7
0.0,21.3
0.0,21.2
0.0,20.8
0.0,20.7
0.0,20.6
0.0,20.4
0.0,18.5
0.0,18.5
0.0,17.9
0.0,18.6
0.0,17.2
0.9722222,17.1
12.416667,17.5
48.5,17.9
60.88889,17.5
77.833336,17.1
292.77777,18.7
240.16667,18.9
257.16666,19.4
207.05556,20.6
157.83333,20.2
56.63889,19.9
4.5555553,19.3
0.0,19.2
0.0,18.1
0.0,17.8
0.0,18.1
0.0,17.8
0.0,17.6
0.0,17.4
0.0,17.9
0.0,17.3
0.0,16.3
0.0,15.5
0.0,15.3
3.6388888,16.0
73.5,16.0
188.55556,17.1
414.6389,18.4
285.1389,18.4
282.83334,18.1
430.75,19.6
595.7222,20.5
384.22223,21.4
360.75,21.6
126.69444,19.7
5.4444447,19.0
0.0,18.2
0.0,14.9
0.0,14.0
0.0,13.7
0.0,13.2
0.0,12.9
0.0,12.9
0.0,12.3
0.0,12.4
0.0,12.6
0.0,12.4
0.0,11.6
5.888889,12.2
88.861115,15.6
341.3889,19.3
527.5278,20.9
666.3333,21.6
741.55554,22.5
740.9722,23.7
668.75,24.0
532.8333,24.3
358.1111,24.2
146.63889,22.7
4.9444447,16.8
0.0,15.4
0.0,14.9
0.0,14.6
0.0,13.6
0.0,13.0
0.0,12.8
0.0,12.3
0.0,12.0
0.0,11.4
0.0,11.4
0.0,11.0
0.0,11.2
4.9722223,11.1
132.80556,15.6
344.19446,18.5
519.8889,21.1
654.6389,23.0
731.0278,24.1
735.8889,25.2
664.55554,26.5
527.5278,26.8
347.05554,26.3
143.11111,23.8
5.3333335,17.5
0.0,17.1
0.0,15.2
0.0,14.4
0.0,14.0
0.0,13.4
0.0,13.0
0.0,13.0
0.0,12.3
0.0,12.2
0.0,11.6
0.0,11.7
0.0,11.5
4.861111,11.0
136.58333,16.1
354.30554,21.3
533.69446,24.0
674.19446,25.6
750.9722,26.4
755.94446,27.2
683.19446,27.8
546.1111,27.8
361.16666,27.0
151.97223,21.9
4.7777777,18.5
0.0,16.9
0.0,15.7
0.0,15.0
0.0,14.5
0.0,14.1
0.0,13.0
0.0,13.7
0.0,13.8
0.0,13.6
0.0,15.1
0.0,21.9
0.0,18.3
4.361111,18.9
139.55556,23.6
365.30554,24.8
550.4167,26.3
685.19446,26.9
755.3611,27.6
754.44446,28.0
683.19446,29.3
551.0833,29.9
370.1389,29.6
162.16667,28.5
4.7777777,22.8
0.0,18.9
0.0,17.6
0.0,16.8
0.0,15.9
0.0,15.7
0.0,15.2
0.0,15.1
0.0,15.2
0.0,14.8
0.0,14.0
0.0,14.2
0.0,13.9
5.0,14.0
140.38889,18.2
358.5,24.8
540.75,26.8
678.4722,28.7
753.0278,29.0
752.7222,29.8
683.4167,29.6
552.1111,29.8
370.41666,29.6
160.63889,27.6
4.5555553,22.8
0.0,21.5
0.0,21.6
0.0,17.9
0.0,16.9
0.0,16.1
0.0,15.6
0.0,15.6
0.0,15.1
0.0,15.2
0.0,14.8
0.0,14.5
0.0,13.8
5.361111,14.2
140.91667,20.6
360.8611,26.1
545.9722,27.2
682.2222,28.1
752.6389,29.4
752.19446,29.6
684.6667,30.1
553.4167,30.8
342.83334,29.7
153.52777,26.1
5.638889,20.8
0.0,18.6
0.0,18.1
0.0,17.6
0.0,16.6
0.0,15.8
0.0,15.5
0.0,15.3
0.0,14.9
0.0,15.0
0.0,14.3
0.0,14.7
0.0,14.0
5.4722223,14.0
138.66667,19.6
355.41666,24.8
532.8889,27.3
667.7222,29.7
756.1667,30.7
756.5,31.0
675.1667,31.2
544.1667,31.0
365.91666,31.0
156.22223,28.7
6.5555553,22.4
0.0,20.8
0.0,19.9
0.0,19.3
0.0,18.7
0.0,18.0
0.0,17.4
0.0,17.1
0.0,16.9
0.0,16.7
0.0,16.6
0.0,17.5
0.0,16.8
5.6666665,17.2
140.16667,25.1
353.80554,27.5
532.75,29.4
671.44446,30.4
750.2778,31.4
756.8611,31.9
684.5833,30.1
469.1389,27.1
359.41666,25.5
79.916664,23.5
14.944445,22.0
0.0,20.5
0.0,19.8
0.0,20.3
0.0,18.7
0.0,17.7
0.0,17.5
0.0,16.9
0.0,16.2
0.0,16.0
0.0,15.9
0.0,15.8
0.0,17.2
7.6944447,17.5
94.166664,21.6
260.08334,22.4
428.72223,24.5
423.66666,24.6
295.30554,24.4
532.75,26.4
544.05554,26.1
386.22223,24.8
102.083336,24.0
57.13889,23.3
4.2777777,22.8
0.0,22.3
0.0,20.0
0.0,20.7
0.0,20.9
0.0,19.2
0.0,18.5
0.0,18.2
0.0,20.6
0.0,20.6
0.0,20.5
0.0,20.3
0.0,20.2
1.3611112,20.1
117.388885,21.6
172.0,21.8
114.083336,22.1
58.555557,21.5
34.0,21.4
23.5,19.5
89.94444,20.1
165.5,20.8
44.555557,20.9
9.277778,20.7
0.027777778,19.7
0.0,19.3
0.0,19.2
0.0,19.1
0.0,19.4
0.0,19.3
0.0,19.4
0.0,18.9
0.0,18.7
0.0,18.9
0.0,18.9
0.0,18.9
0.0,18.6
12.583333,18.5
166.16667,20.9
256.3611,21.4
315.94446,22.4
374.19446,23.0
321.27777,23.8
315.58334,23.5
217.25,23.7
136.25,22.7
255.22223,23.1
41.11111,22.1
2.5277777,21.7
0.0,21.3
0.0,21.2
0.0,21.1
0.0,20.1
0.0,20.3
0.0,20.0
0.0,19.7
0.0,19.9
0.0,19.3
0.0,16.8
0.0,16.8
0.0,16.2
6.6666665,15.8
115.94444,20.2
351.5,22.6
531.3333,23.6
676.3611,24.0
370.08334,24.6
766.69446,25.4
762.5,25.2
469.05554,23.8
366.6389,23.3
96.30556,22.1
10.305555,21.2
0.0,18.6
0.0,19.9
0.0,18.6
0.0,16.2
0.0,15.6
0.0,15.3
0.0,14.9
0.0,14.8
0.0,14.1
0.0,14.6
0.0,14.1
0.0,14.0
7.7222223,14.2
134.11111,18.2
351.25,20.7
526.4722,22.2
670.4167,24.7
741.6667,26.2
746.94446,28.0
681.4167,29.0
549.3611,29.1
366.05554,28.5
147.80556,26.2
9.944445,22.0
0.0,19.6
0.0,18.8
0.0,18.6
0.0,17.9
0.0,17.3
0.0,16.9
0.0,16.5
0.0,16.3
0.0,15.9
0.0,15.8
0.0,16.6
0.0,18.7
4.3333335,19.1
65.27778,19.8
307.19446,21.9
537.9722,25.2
677.4167,27.7
746.7222,30.0
748.3333,31.5
677.5278,32.5
553.5,31.7
372.30554,32.2
161.69444,29.5
10.833333,22.9
0.0,21.1
0.0,20.1
0.0,19.3
0.0,19.1
0.0,18.5
0.0,18.3
0.0,18.3
0.0,17.5
0.0,16.9
0.0,17.2
0.0,16.6
0.0,15.8
6.5,21.2
151.36111,25.4
369.94446,27.5
551.1111,29.8
686.3333,31.4
749.7222,32.9
756.8333,34.3
697.2222,35.0
554.6111,35.1
325.5,33.7
35.97222,24.0
2.1666667,23.1
0.0,22.8
0.0,23.0
0.0,21.4
0.0,22.1
0.0,22.4
0.0,20.4
0.0,17.9
0.0,20.0
0.0,22.9
0.0,23.0
0.0,22.0
0.0,21.6
7.7222223,20.8
147.25,23.0
326.33334,24.1
338.33334,23.9
510.94446,23.7
603.4167,25.4
700.8611,26.4
646.8889,26.7
652.4722,25.5
432.83334,24.7
170.88889,23.4
7.611111,22.4
0.0,19.8
0.0,18.3
0.0,17.4
0.0,16.8
0.0,17.1
0.0,18.8
0.0,18.1
0.0,18.5
0.0,18.2
0.0,16.9
0.0,16.2
0.0,15.4
7.8333335,15.6
151.83333,20.5
160.52777,21.5
275.16666,22.8
522.25,25.0
579.1667,25.5
739.7222,25.4
705.6111,26.2
258.27777,25.5
318.77777,25.4
109.75,24.0
3.5833333,23.1
0.0,23.0
0.0,22.8
0.0,22.7
0.0,22.1
0.0,21.2
0.0,20.5
0.0,17.4
0.0,16.4
0.0,15.8
0.0,15.2
0.0,14.9
0.0,15.0
8.472222,14.8
161.16667,20.0
375.3889,22.1
562.3611,24.2
702.3611,25.3
769.69446,26.9
747.80554,27.0
688.6389,27.4
560.5278,27.8
373.6111,26.8
171.0,26.0
14.333333,21.0
0.0,19.5
0.0,18.6
0.0,17.8
0.0,16.8
0.0,16.1
0.0,16.0
0.0,15.6
0.0,15.4
0.0,14.6
0.0,14.3
0.0,14.1
0.0,14.1
9.444445,14.1
172.13889,19.1
386.25,23.0
576.55554,26.4
703.7778,28.6
774.55554,30.0
774.75,30.9
704.5,30.7
557.6389,30.6
368.19446,29.2
154.75,27.8
12.527778,22.3
0.0,19.8
0.0,18.6
0.0,18.1
0.0,17.7
0.0,16.9
0.0,17.4
0.0,16.8
0.0,16.7
0.0,15.4
0.0,14.7
0.0,14.7
0.0,14.3
12.472222,15.0
156.66667,19.7
358.5,22.7
537.19446,25.3
692.6111,26.5
720.5278,27.6
545.80554,27.5
530.6111,28.3
512.3611,27.1
289.72223,24.5
108.416664,23.3
9.888889,22.3
0.0,22.0
0.0,21.5
0.0,18.5
0.0,18.1
0.0,17.6
0.0,17.2
0.0,16.9
0.0,16.1
0.0,16.4
0.0,16.4
0.0,17.3
0.0,18.6
8.083333,19.4
87.52778,20.7
263.72223,22.4
515.2222,24.1
648.3611,26.4
629.55554,28.0
574.8611,29.8
670.0833,30.5
473.58334,30.5
299.44446,29.5
90.0,27.6
8.972222,22.4
0.0,21.1
0.0,20.3
0.0,19.5
0.0,18.7
0.0,18.3
0.0,18.2
0.0,18.0
0.0,17.9
0.0,17.9
0.0,18.2
0.0,17.7
0.0,16.6
10.5,16.7
158.44444,22.2
359.80554,26.2
563.44446,28.9
707.30554,30.6
772.55554,31.7
759.4722,31.9
648.6389,32.2
349.05554,31.9
429.6389,32.9
171.55556,30.9
13.166667,24.6
0.0,21.4
0.0,20.5
0.0,20.1
0.0,19.5
0.0,19.3
0.0,18.6
0.0,18.2
0.0,18.0
0.0,17.7
0.0,17.4
0.0,17.2
0.0,17.2
11.805555,21.3
154.55556,25.6
367.55554,27.7
557.75,30.2
704.6389,31.5
358.47223,30.8
484.05554,31.9
582.55554,31.6
327.16666,32.1
376.33334,32.9
153.16667,28.2
7.3333335,25.9
0.0,24.1
0.0,21.5
0.0,19.9
0.0,19.6
0.0,19.3
0.0,18.5
0.0,18.3
0.0,18.7
0.0,18.9
0.0,19.5
0.0,25.2
0.0,22.7
5.5277777,25.0
110.583336,26.9
247.05556,28.8
444.8889,32.2
242.16667,32.3
520.7222,29.2
774.94446,29.3
606.7222,27.7
353.6389,26.6
272.58334,26.4
34.38889,25.5
2.5555556,24.8
0.0,24.2
0.0,23.4
0.0,21.9
0.0,21.8
0.0,21.8
0.0,21.6
0.0,21.4
0.0,21.7
0.0,22.1
0.0,21.4
0.0,21.2
0.0,21.9
3.1111112,21.9
63.944443,22.5
107.833336,23.1
336.41666,25.7
338.91666,27.2
335.1389,27.0
515.3333,28.2
317.3889,28.7
266.91666,29.1
306.22223,29.6
187.11111,29.1
15.638889,23.7
0.0,22.6
0.0,21.8
0.0,21.6
0.0,21.3
0.0,21.0
0.0,20.5
0.0,20.3
0.0,20.2
0.0,21.1
0.0,22.5
0.0,20.5
0.0,19.7
15.805555,19.8
163.27777,25.8
371.77777,28.0
556.5,27.7
560.1389,27.0
332.16666,27.3
259.91666,27.1
590.6389,28.4
556.0278,27.8
201.94444,26.0
75.52778,24.8
4.6944447,24.3
0.0,24.2
0.0,24.3
0.0,23.2
0.0,22.5
0.0,22.4
0.0,21.3
0.0,21.3
0.055555556,20.8
0.0,20.8
0.0,20.5
0.0,20.8
0.083333336,20.9
7.2222223,20.9
60.77778,21.0
148.97223,22.3
129.05556,21.9
166.86111,21.5
136.75,21.8
100.166664,22.7
64.47222,21.3
118.77778,21.9
84.861115,20.1
35.555557,19.9
3.0833333,19.8
0.0,19.5
0.0,19.3
0.0,19.2
0.0,19.1
0.0,18.7
0.0,18.9
0.0,18.8
0.0,18.8
0.0,18.6
0.0,18.5
0.0,18.4
0.0,18.4
6.3333335,18.8
,
98.833336,19.5
132.41667,19.0
201.27777,19.5
201.05556,18.8
222.02777,19.0
170.13889,18.6
101.638885,19.6
60.083332,19.5
54.083332,19.5
5.2777777,18.8
0.0,19.4
0.0,18.8
0.0,18.9
0.0,18.6
0.0,18.2
0.0,18.5
0.0,18.3
0.0,18.2
0.0,18.2
0.0,18.0
0.0,18.1
0.0,18.2
14.666667,18.7
64.47222,19.6
131.33333,20.6
292.72223,21.9
358.25,22.0
547.7222,22.8
426.30554,23.5
544.2222,23.9
384.33334,24.3
261.69446,23.3
93.916664,23.5
20.38889,21.6
0.0,20.0
0.0,21.5
0.0,18.9
0.0,18.2
0.0,17.8
0.0,17.4
0.0,17.2
0.0,17.0
0.0,16.9
0.0,16.6
0.0,17.0
0.0,18.6
21.11111,20.2
159.66667,22.5
382.3611,26.1
508.47223,28.3
591.19446,29.6
692.44446,31.2
797.2222,32.9
634.8611,30.6
374.91666,27.5
315.1111,27.4
157.22223,27.0
18.444445,25.3
0.0,23.0
0.0,24.2
0.0,24.6
0.0,22.9
0.0,22.8
0.0,21.8
0.0,20.6
0.0,20.6
0.0,20.6
0.0,21.4
0.0,21.5
0.0,21.5
10.055555,22.3
114.388885,23.2
258.66666,23.8
280.80554,25.6
620.75,26.4
515.1389,26.8
367.1111,27.2
239.0,25.1
293.8889,25.4
284.33334,26.0
87.30556,25.7
15.777778,23.9
0.0,23.5
0.0,23.2
0.0,23.4
0.0,23.0
0.0,23.0
0.0,22.8
0.0,22.7
0.0,22.5
0.0,22.4
0.0,22.0
0.0,22.0
0.0,22.2
7.1666665,22.2
31.833334,22.4
17.972221,21.7
10.805555,20.9
57.75,20.9
132.08333,22.2
190.05556,22.3
60.27778,21.0
115.30556,21.2
71.916664,21.4
74.25,22.0
13.583333,21.5
0.0,21.4
0.027777778,21.5
0.0,20.8
0.0,20.3
0.0,20.0
0.0,20.0
0.0,20.0
0.0,19.9
0.0,19.9
0.25,20.0
0.2777778,20.0
0.11111111,19.9
18.166666,20.2
99.22222,20.9
153.58333,21.5
194.52777,21.9
340.80554,23.3
333.3611,24.2
564.0833,25.0
374.97223,25.5
182.72223,24.5
96.833336,24.5
66.361115,23.8
14.444445,23.0
0.0,22.3
0.0,21.6
0.0,21.1
0.0,20.8
0.0,20.7
0.0,20.5
0.0,19.6
0.0,17.8
0.0,17.2
0.0,16.8
0.0,16.6
0.0,16.4
26.36111,17.1
199.41667,21.2
416.19446,22.3
606.1667,24.4
746.0278,25.9
819.55554,27.5
813.0833,28.1
718.9167,29.4
609.9167,29.8
415.91666,29.3
196.47223,28.2
22.583334,23.8
0.0,24.9
0.0,24.0
0.0,21.1
0.0,22.1
0.0,20.9
0.0,18.6
0.0,17.8
0.0,17.2
0.0,16.8
0.0,16.7
0.0,16.0
0.0,15.6
26.916666,16.7
214.0,23.0
432.33334,25.0
623.4167,26.9
760.4167,28.4
827.9167,30.2
821.7778,31.1
749.7222,32.1
615.44446,32.2
423.1111,32.4
203.61111,30.6
23.333334,24.3
0.0,21.8
0.0,20.6
0.0,19.8
0.0,19.3
0.0,19.0
0.0,18.3
0.0,17.9
0.0,17.5
0.0,17.2
0.0,17.1
0.0,16.7
0.0,16.3
26.972221,17.0
214.75,22.0
432.6389,25.6
630.44446,28.3
771.5278,30.0
840.3611,32.2
840.5833,33.7
755.25,34.7
600.1389,34.3
413.25,32.1
190.33333,30.4
21.722221,24.3
0.0,22.5
0.0,21.3
0.0,19.9
0.0,19.5
0.0,19.9
0.0,20.1
0.0,21.3
0.0,21.3
0.0,19.7
0.0,18.3
0.0,17.5
0.0,17.1
28.527779,18.0
211.66667,22.3
423.75,24.7
609.94446,26.6
737.0,28.4
801.3889,29.3
816.44446,29.6
748.6667,29.8
588.3889,30.5
404.94446,29.6
188.63889,27.6
20.944445,23.2
0.0,23.3
0.0,21.8
0.0,22.0
0.0,21.6
0.0,20.6
0.0,18.8
0.0,18.3
0.0,18.2
0.0,19.0
0.0,18.4
0.0,17.9
0.0,17.7
29.555555,19.1
205.63889,24.6
423.75,30.0
617.69446,32.5
754.7778,34.2
827.4167,35.2
767.2222,31.5
623.2222,27.5
489.8889,26.9
295.05554,24.1
110.333336,23.5
12.944445,23.0
0.0,23.4
0.0,21.4
0.0,21.0
0.0,20.7
0.0,20.5
0.0,20.8
0.0,20.6
0.0,20.0
0.0,19.4
0.0,19.6
0.0,19.6
0.0,19.7
4.3055553,20.1
27.333334,20.3
50.083332,20.2
139.80556,20.2
196.77777,21.1
276.83334,21.1
103.388885,22.0
115.138885,22.1
137.86111,22.0
112.77778,21.8
44.25,21.4
6.5555553,21.2
0.0,21.1
0.0,20.4
0.0,19.9
0.0,20.2
0.0,19.0
0.0,18.8
0.0,19.0
0.0,18.8
0.0,18.9
0.0,19.2
0.0,19.1
0.0,18.8
20.5,18.7
73.75,20.1
171.0,21.0
260.08334,21.9
266.8611,22.3
377.69446,23.9
507.44446,24.4
321.69446,23.6
130.22223,22.6
121.27778,22.2
87.75,21.8
9.805555,21.5
0.0,21.4
0.0,21.3
0.0,21.2
0.0,21.2
0.0,21.1
0.0,20.2
0.0,18.3
0.0,18.9
0.0,18.9
0.0,19.4
0.0,20.3
0.0,20.5
12.5,20.5
39.333332,20.4
42.38889,19.8
82.138885,19.8
109.97222,19.5
101.75,19.4
134.69444,19.9
105.5,19.5
60.0,19.1
71.416664,19.1
21.88889,18.8
2.5555556,18.7
0.0,18.5
0.0,18.3
0.0,18.1
0.0,18.1
0.0,18.0
0.0,17.9
0.0,17.9
0.0,17.9
0.0,17.8
0.0,17.7
0.0,18.0
0.0,17.9
3.6944444,18.2
32.61111,19.3
82.52778,19.8
79.138885,20.2
152.11111,20.5
235.22223,21.3
239.16667,21.7
145.0,21.8
41.805557,20.4
17.694445,20.1
11.638889,19.8
2.3333333,19.6
0.0,19.7
0.0,19.5
0.0,19.7
0.027777778,19.8
0.027777778,19.7
0.0,19.3
0.0,19.3
0.0,19.2
0.0,19.4
0.0,19.3
0.027777778,19.4
0.0,19.4
18.0,19.7
102.27778,20.7
298.66666,22.3
350.94446,23.2
588.1667,25.0
615.44446,24.5
460.97223,25.4
305.05554,25.5
258.27777,24.5
176.36111,23.3
89.333336,22.8
10.083333,22.3
0.0,21.8
0.0,21.9
0.0,21.9
0.0,22.0
0.0,21.5
0.0,20.4
0.0,21.3
0.0,21.3
0.0,20.4
0.0,19.7
0.0,20.0
0.0,20.0
3.8888888,19.7
22.277779,19.9
41.02778,20.5
54.97222,20.7
127.111115,20.8
136.27777,21.3
141.66667,21.3
219.02777,21.5
176.58333,21.9
176.13889,22.2
149.16667,22.4
10.055555,21.8
0.0,21.1
0.0,19.4
0.0,18.4
0.0,17.9
0.0,17.7
0.0,17.0
0.0,16.8
0.0,16.6
0.0,16.6
0.0,16.0
0.0,15.9
0.0,15.7
40.805557,17.2
232.33333,19.7
456.0,22.5
651.4167,24.4
791.75,25.9
857.5833,27.6
855.1667,28.5
782.1111,29.5
637.3889,30.1
439.6111,30.2
193.63889,29.2
22.38889,24.2
0.0,22.1
0.0,21.5
0.0,21.6
0.0,21.2
0.0,20.8
0.0,20.4
0.0,20.4
0.0,19.9
0.0,20.0
0.0,23.7
0.0,23.7
0.0,24.3
41.36111,23.9
227.52777,25.1
433.72223,28.3
629.55554,31.2
763.94446,34.1
765.75,36.1
716.4167,36.8
719.69446,37.3
561.69446,37.3
301.8889,37.1
165.69444,32.9
16.805555,29.8
0.0,26.8
0.0,27.0
0.055555556,25.8
0.0,26.3
0.0,25.3
0.0,25.7
0.0,23.4
0.0,22.9
0.0,22.1
0.0,22.0
0.0,21.5
0.0,22.3
36.02778,27.3
211.63889,25.8
417.02777,26.7
617.8889,26.9
731.30554,28.4
796.2778,29.3
699.7778,30.8
568.7222,29.0
496.69446,29.1
319.8889,27.7
158.47223,26.0
13.25,24.8
0.0,24.4
0.0,24.2
0.0,23.6
0.0,22.3
0.0,22.2
